A1,A2,A3,A4,A5,A6,A7,A8,A9,A10,A11,A12,A13,A14,target
1.0,0.21206119805296533,-0.45405565527971975,2.0,0.1704985927982509,4.0,-0.365841446419889,0.0,0.0,-0.4938866212981522,0.0,2.0,1.604245352074553,-0.192340154479779,0.0
1.0,-0.11804479813147108,0.350036437585323,2.0,1.528974678604176,4.0,0.2696084390426027,1.0,1.0,1.1524021163623552,0.0,2.0,0.8485828614948786,0.03507550238375536,1.0
1.0,2.3581723036817057,-0.4037998994756545,2.0,0.44219380995943575,4.0,-0.14156501625665666,1.0,1.0,0.535043839739665,1.0,2.0,-0.7208700035552145,-0.18427304503022796,1.0
1.0,-0.7166257477344521,-0.45405565527971975,2.0,-1.7313679273300446,1.0,-0.6394586912190325,0.0,0.0,-0.4938866212981522,1.0,2.0,-0.4883584679922377,0.6128341981992208,0.0
1.0,-0.9623056579382141,0.1741412922710949,2.0,0.44219380995943575,4.0,-0.1535264258653624,1.0,0.0,-0.4938866212981522,0.0,1.0,-0.3721027002107494,-0.19541333903198893,1.0
0.0,-0.5612817495300113,-0.7053344343000456,2.0,-1.7313679273300446,1.0,-0.6648766866375322,1.0,0.0,-0.4938866212981522,0.0,2.0,-0.6046142357737261,-0.19541333903198893,0.0
1.0,0.022102504596448,-0.948572292391721,1.0,-0.10119662436293415,4.0,-0.6529152770288265,0.0,0.0,-0.4938866212981522,0.0,2.0,-1.0696373068996796,-0.19541333903198893,0.0
1.0,-0.012512190655628516,2.1592436465316687,2.0,0.1704985927982509,4.0,-0.5153590665287107,1.0,0.0,-0.4938866212981522,0.0,2.0,-0.3721027002107494,-0.19541333903198893,0.0
0.0,-0.9200926149478769,-0.3535441436715894,2.0,0.9855842442818062,4.0,-0.6155358720016211,1.0,1.0,0.12347165532453809,0.0,2.0,-0.4883584679922377,-0.1942608948249102,1.0
1.0,-0.7166257477344521,-0.45405565527971975,2.0,0.1704985927982509,4.0,-0.3404234510013894,1.0,1.0,1.7697603929850454,1.0,2.0,-0.7208700035552145,0.22407635234466564,1.0
1.0,4.110013587780697,0.1490134143690624,2.0,0.1704985927982509,4.0,-0.5033976569200049,1.0,0.0,-0.4938866212981522,0.0,2.0,-1.0696373068996796,-0.13010816729752805,0.0
0.0,-0.7512404429865284,-0.8058459459081759,2.0,0.1704985927982509,4.0,-0.06680620620224588,0.0,1.0,-0.08231443688302531,1.0,2.0,0.09292037091520414,-0.11973616943381955,0.0
1.0,2.6114505616237293,1.6064303326869527,1.0,0.1704985927982509,8.0,0.8302995144506836,1.0,0.0,-0.4938866212981522,0.0,2.0,-0.4186050073233447,-0.19541333903198893,0.0
0.0,-0.6811667916225689,0.8525939956259747,2.0,0.9855842442818062,4.0,1.8769228552124348,1.0,1.0,0.535043839739665,1.0,2.0,-0.3721027002107494,-0.19541333903198893,1.0
1.0,0.0009959831012792716,-0.8058459459081759,1.0,-0.3728918415241194,4.0,0.3817466541242189,0.0,0.0,-0.4938866212981522,1.0,2.0,0.7904549776041343,-0.19541333903198893,0.0
0.0,-0.17461027573852306,-0.55456716688785,1.0,0.7138890271206206,8.0,-0.06680620620224588,0.0,0.0,-0.4938866212981522,0.0,2.0,0.41843652070337156,-0.19214808044526588,0.0
0.0,-0.7655928776032431,0.7520824840178444,2.0,0.9855842442818062,4.0,-0.14156501625665666,1.0,1.0,1.563974300777482,0.0,2.0,-0.6046142357737261,-0.005260044863999906,0.0
1.0,0.1842005896793427,-0.4037998994756545,2.0,-1.1879774930076745,5.0,-0.6648766866375322,0.0,0.0,-0.4938866212981522,0.0,2.0,-0.023335396866284327,-0.19541333903198893,0.0
1.0,0.25427424104330215,-0.9566132133203714,2.0,0.1704985927982509,4.0,-0.6648766866375322,0.0,0.0,-0.4938866212981522,0.0,3.0,-8.424330998663261e-05,-0.19541333903198893,0.0
1.0,-0.5266670542779351,-0.8400198598549402,2.0,0.1704985927982509,4.0,-0.5781564669744157,1.0,1.0,0.9466160241547918,1.0,2.0,-0.5116096215485354,0.788774013813239,1.0
0.0,-0.5967407056418945,-0.7475492691754603,1.0,-1.7313679273300446,1.0,-0.5153590665287107,1.0,1.0,0.12347165532453809,0.0,2.0,-0.023335396866284327,-0.16717845595856023,0.0
1.0,0.00015172224147284654,-0.3535441436715894,1.0,-1.1879774930076745,5.0,1.42836999488597,0.0,0.0,-0.4938866212981522,0.0,2.0,-1.0696373068996796,-0.1952212649974758,0.0
0.0,-0.7588387907247892,1.204384286254431,2.0,0.9855842442818062,4.0,-0.5407770619472103,1.0,1.0,0.535043839739665,1.0,2.0,-1.0696373068996796,-0.08785187970464159,1.0
1.0,2.1116481326181367,2.762312716180451,2.0,-1.4596727101688596,5.0,3.8206519166271153,1.0,1.0,3.0044769462304264,1.0,2.0,-1.0696373068996796,-0.19541333903198893,1.0
1.0,2.1260005672348514,1.505918821078822,2.0,-0.10119662436293415,4.0,-0.29108263636547826,1.0,1.0,0.3292577475321016,1.0,2.0,0.09292037091520414,-0.19541333903198893,1.0
1.0,0.30408563177190057,4.094090244988178,2.0,1.8006698957653615,8.0,-0.17894442128386207,1.0,1.0,-0.2881005290905887,1.0,2.0,1.923948713473646,-0.09937632177542881,1.0
0.0,-1.3287148710943408,-0.839014744738859,2.0,0.1704985927982509,8.0,-0.21632382631106745,1.0,1.0,-0.08231443688302531,0.0,2.0,-0.4883584679922377,-0.19541333903198893,1.0
0.0,0.48644597749015694,-0.45405565527971975,2.0,-1.1879774930076745,8.0,-0.6020792861918272,0.0,0.0,-0.4938866212981522,0.0,2.0,0.4416876742596692,-0.14816312654176134,0.0
1.0,0.9794943196172949,0.04850190276093194,2.0,-1.1879774930076745,5.0,0.007952603852164916,0.0,0.0,-0.4938866212981522,1.0,2.0,-0.25003414404018653,-0.19541333903198893,0.0
1.0,-1.223182263618498,-0.9063574575163063,2.0,0.9855842442818062,4.0,-0.5646998811646218,0.0,1.0,0.3292577475321016,0.0,2.0,-0.13959116464777263,-0.19387674675588396,0.0
0.0,1.2040677083258882,1.154128530450366,2.0,0.9855842442818062,4.0,0.8302995144506836,1.0,1.0,0.9466160241547918,1.0,2.0,-1.0696373068996796,-0.19541333903198893,1.0
0.0,-0.32911001308315685,-0.5465262459591996,2.0,0.44219380995943575,4.0,-0.5901178765831214,0.0,0.0,-0.4938866212981522,1.0,2.0,-0.023335396866284327,-0.1858096373063329,0.0
0.0,-0.36456896919504006,-0.8983165365876558,2.0,-0.10119662436293415,8.0,-0.6274972816103268,0.0,1.0,-0.2881005290905887,1.0,2.0,0.5114411349285624,-0.17466934330457196,0.0
0.0,-1.0965431346474865,1.0536170188422354,2.0,-1.4596727101688596,4.0,-0.5407770619472103,0.0,0.0,-0.4938866212981522,0.0,2.0,-0.6046142357737261,-0.18734622958243788,0.0
1.0,-0.7512404429865284,-0.9234444144896884,2.0,0.1704985927982509,3.0,0.007952603852164916,0.0,0.0,-0.4938866212981522,1.0,1.0,-1.0696373068996796,-0.19541333903198893,1.0
1.0,1.4505918793894572,0.7520824840178444,2.0,0.1704985927982509,8.0,3.0730638160830073,1.0,1.0,1.3581882085699188,0.0,2.0,-0.017522608477209902,0.12246918808722505,1.0
1.0,1.3940264017824056,0.25756584690584305,2.0,-0.9162822758464895,4.0,-0.6529152770288265,0.0,0.0,-0.4938866212981522,0.0,2.0,-1.0696373068996796,0.3212658138083045,1.0
0.0,0.8106421476559463,0.350036437585323,2.0,0.9855842442818062,4.0,-0.5153590665287107,1.0,1.0,0.12347165532453809,1.0,2.0,-0.22678299048388897,-0.19541333903198893,1.0
1.0,-0.7090273999961911,-0.9566132133203714,2.0,0.1704985927982509,4.0,-0.6648766866375322,0.0,0.0,-0.4938866212981522,0.0,3.0,-8.424330998663261e-05,-0.19541333903198893,1.0
1.0,3.5333834205326915,2.6115454487682555,2.0,-1.7313679273300446,1.0,-0.6648766866375322,1.0,0.0,-0.4938866212981522,1.0,2.0,-1.0696373068996796,-0.19541333903198893,1.0
1.0,-1.075436613152318,-0.2449917111348086,1.0,-1.7313679273300446,1.0,-0.6648766866375322,0.0,0.0,-0.4938866212981522,1.0,2.0,-0.023335396866284327,-0.1952212649974758,0.0
1.0,-0.5545276626515574,1.556174576882887,2.0,-0.3728918415241194,4.0,0.2322290340153973,1.0,0.0,-0.4938866212981522,1.0,1.0,-0.9533815391181912,-0.19541333903198893,1.0
1.0,1.070674492476423,1.2546400420584962,1.0,-1.4596727101688596,4.0,-0.21632382631106745,1.0,0.0,-0.4938866212981522,0.0,1.0,-1.0696373068996796,-0.19541333903198893,0.0
1.0,-0.8711254850790858,-0.6550786784959803,2.0,0.44219380995943575,4.0,-0.21632382631106745,0.0,0.0,-0.4938866212981522,0.0,2.0,-0.19771904853851688,-0.19387674675588396,1.0
1.0,-0.07583175514113409,-0.45405565527971975,2.0,1.528974678604176,8.0,0.007952603852164916,0.0,0.0,-0.4938866212981522,1.0,1.0,0.9067107453856228,-0.19541333903198893,0.0
1.0,2.744843777473194,3.063847251004842,2.0,1.8006698957653615,8.0,4.568240017171222,1.0,1.0,1.3581882085699188,1.0,2.0,-1.0696373068996796,-0.003339304518868682,1.0
1.0,-0.32235592620470327,-0.6972935133713951,2.0,-0.9162822758464895,8.0,-0.5901178765831214,0.0,0.0,-0.4938866212981522,1.0,1.0,-0.25584693242926093,-0.19541333903198893,0.0
1.0,2.6325570831188974,0.4505479491934535,2.0,0.7138890271206206,9.0,-0.6648766866375322,0.0,0.0,-0.4938866212981522,0.0,2.0,-1.0696373068996796,-0.19310845061783147,0.0
1.0,-0.5545276626515574,1.455663065274757,2.0,-0.9162822758464895,4.0,0.007952603852164916,1.0,1.0,-0.08231443688302531,1.0,2.0,-0.3721027002107494,-0.19445296885942334,0.0
1.0,0.4307247607429117,-0.55456716688785,2.0,-1.1879774930076745,4.0,-0.5901178765831214,0.0,0.0,-0.4938866212981522,1.0,2.0,0.21498892708576686,-0.19541333903198893,0.0
1.0,0.7051095401801033,0.2917397608526075,2.0,0.9855842442818062,4.0,-0.6529152770288265,1.0,1.0,-0.2881005290905887,0.0,2.0,0.09292037091520414,-0.13779112867805288,1.0
1.0,0.8452568429080223,-0.6048229226919152,2.0,-0.9162822758464895,4.0,-0.6020792861918272,1.0,0.0,-0.4938866212981522,0.0,2.0,-0.13959116464777263,-0.19541333903198893,0.0
0.0,0.1774465028008888,-0.8812295796142736,2.0,1.528974678604176,4.0,-0.552738471555916,0.0,0.0,-0.4938866212981522,0.0,2.0,0.6741992098226458,-0.18696208151341165,1.0
0.0,-0.9977646140500976,-0.8058459459081759,2.0,0.1704985927982509,4.0,-0.42714367066450587,1.0,1.0,0.535043839739665,1.0,2.0,-0.25584693242926093,-0.19445296885942334,0.0
1.0,-0.6034947925203484,1.5230057780522046,2.0,0.9855842442818062,8.0,-0.19090583089256777,1.0,0.0,-0.4938866212981522,1.0,2.0,-0.3721027002107494,-0.19541333903198893,1.0
1.0,-0.32911001308315685,-0.8058459459081759,2.0,0.9855842442818062,8.0,-0.6155358720016211,0.0,0.0,-0.4938866212981522,1.0,2.0,0.20917613869669247,-0.14720275636919575,0.0
0.0,0.7819372784225167,-0.253032632063459,2.0,-1.1879774930076745,5.0,-0.5153590665287107,0.0,0.0,-0.4938866212981522,0.0,1.0,5.673197224426645,-0.19541333903198893,0.0
1.0,2.280500304579485,-0.411840820404305,2.0,0.1704985927982509,4.0,0.05729341848807603,0.0,0.0,-0.4938866212981522,1.0,2.0,0.7904549776041343,-0.19541333903198893,0.0
1.0,0.5075524989853251,-0.9566132133203714,2.0,0.1704985927982509,4.0,-0.6648766866375322,0.0,0.0,-0.4938866212981522,0.0,3.0,-8.424330998663261e-05,-0.19541333903198893,1.0
1.0,-0.5899866187634406,1.7571976000991476,1.0,-1.7313679273300446,1.0,-0.6648766866375322,0.0,0.0,-0.4938866212981522,0.0,2.0,-8.424330998663261e-05,-0.19541333903198893,0.0
0.0,-0.6811667916225689,-0.6550786784959803,2.0,0.44219380995943575,4.0,-0.4032208514470944,0.0,0.0,-0.4938866212981522,1.0,2.0,-0.13959116464777263,-0.19541333903198893,0.0
0.0,-0.5688800972682723,-0.052009608847198366,2.0,0.44219380995943575,4.0,-0.365841446419889,0.0,0.0,-0.4938866212981522,1.0,2.0,1.0229665131671108,-0.1942608948249102,0.0
1.0,0.5007984121068711,-0.7887589889347937,2.0,0.7138890271206206,4.0,-0.6529152770288265,0.0,0.0,-0.4938866212981522,0.0,2.0,-0.3721027002107494,-0.19445296885942334,0.0
0.0,-0.5545276626515574,-0.7807180680061433,2.0,1.8006698957653615,8.0,-0.3538800368111833,1.0,0.0,-0.4938866212981522,1.0,2.0,-0.13959116464777263,0.9301405032148955,1.0
1.0,-0.28689697009281967,-0.9314853354183388,1.0,-0.9162822758464895,4.0,-0.6394586912190325,0.0,0.0,-0.4938866212981522,0.0,2.0,0.18592498514039477,0.20794213344556353,0.0
1.0,1.4505918793894572,4.337328103079853,1.0,-1.7313679273300446,1.0,-0.6648766866375322,1.0,0.0,-0.4938866212981522,1.0,2.0,-1.0696373068996796,-0.19541333903198893,0.0
1.0,-0.36456896919504006,-0.8309738238102085,2.0,-0.3728918415241194,4.0,-0.5288156523385046,1.0,0.0,-0.4938866212981522,1.0,2.0,0.09292037091520414,-0.19541333903198893,0.0
1.0,0.4307247607429117,-0.3032883878675242,2.0,0.9855842442818062,8.0,2.0264404753212566,1.0,0.0,-0.4938866212981522,1.0,2.0,-0.47673289121408885,-0.0726780309781051,1.0
1.0,0.03645493921316284,-0.6048229226919152,1.0,0.7138890271206206,8.0,-0.6529152770288265,1.0,0.0,-0.4938866212981522,1.0,2.0,1.2147885300065668,-0.19541333903198893,1.0
1.0,-0.4135360990638311,-0.6048229226919152,1.0,0.1704985927982509,4.0,-0.365841446419889,1.0,1.0,0.535043839739665,1.0,2.0,-0.13959116464777263,0.9141983583503066,1.0
0.0,3.132359512124489,2.058732134923539,2.0,0.7138890271206206,9.0,-0.6648766866375322,1.0,1.0,2.387118669607736,0.0,2.0,-1.0696373068996796,0.45302860148430485,1.0
1.0,-0.4979621850445054,-0.3032883878675242,2.0,0.1704985927982509,8.0,0.019914013460870635,0.0,1.0,-0.2881005290905887,1.0,2.0,1.3484826629552786,-0.1913797843072134,0.0
1.0,0.00015172224147284654,-0.8812295796142736,2.0,-1.4596727101688596,4.0,-0.4032208514470944,1.0,0.0,-0.4938866212981522,1.0,1.0,4.324630318161381,-0.19541333903198893,0.0
0.0,2.2880986523177462,-0.06005052977584873,2.0,0.9855842442818062,8.0,0.244190443624103,1.0,1.0,0.7408299319472283,0.0,2.0,-0.8196874061694795,-0.08785187970464159,1.0
1.0,-1.033223570161981,1.237553085085114,2.0,0.1704985927982509,5.0,-0.48994107111021096,0.0,1.0,-0.08231443688302531,1.0,2.0,0.09292037091520414,-0.19406882079039708,0.0
0.0,2.196074218598811,-0.55456716688785,2.0,-1.7313679273300446,1.0,1.2788523747771485,0.0,1.0,-0.2881005290905887,0.0,2.0,-1.0696373068996796,-0.19349259868685773,0.0
1.0,-0.7444863561080748,1.2546400420584962,2.0,0.9855842442818062,4.0,0.0827114139065757,1.0,1.0,0.9466160241547918,1.0,2.0,-0.4883584679922377,-0.04002544511087465,1.0
1.0,-0.28014288321436576,-0.7807180680061433,2.0,-0.10119662436293415,4.0,-0.37780285602859476,1.0,1.0,0.12347165532453809,1.0,2.0,1.2322268951737902,-0.19541333903198893,1.0
0.0,-1.1733708728898997,-0.9566132133203714,1.0,-0.6445870586853044,1.0,-0.6648766866375322,0.0,0.0,-0.4938866212981522,0.0,2.0,-0.5697375054392796,-0.19541333903198893,0.0
0.0,-1.1522643513947315,-0.8480607807835906,2.0,0.1704985927982509,4.0,-0.14156501625665666,0.0,1.0,-0.2881005290905887,1.0,2.0,-0.6046142357737261,-0.19445296885942334,0.0
0.0,0.00015172224147284654,-0.6550786784959803,2.0,-1.7313679273300446,1.0,-0.6648766866375322,0.0,1.0,-0.08231443688302531,1.0,2.0,0.09292037091520414,-0.1752455654081113,0.0
1.0,-0.06907766826268019,-0.6379917215225982,2.0,-1.4596727101688596,4.0,-0.48994107111021096,0.0,0.0,-0.4938866212981522,1.0,1.0,-1.0696373068996796,-0.19541333903198893,0.0
0.0,-0.4557491420541683,-0.55456716688785,2.0,-0.6445870586853044,3.0,-0.6648766866375322,0.0,0.0,-0.4938866212981522,1.0,2.0,0.5346922884848601,-0.1952212649974758,0.0
0.0,-0.7301339214913599,-0.7053344343000456,2.0,0.9855842442818062,4.0,-0.5901178765831214,0.0,0.0,-0.4938866212981522,1.0,2.0,-0.3721027002107494,-0.04002544511087465,0.0
0.0,2.259393783084317,1.0536170188422354,2.0,0.9855842442818062,4.0,0.5312642742330405,1.0,1.0,2.387118669607736,0.0,2.0,-1.0696373068996796,0.11228926425802971,1.0
1.0,-0.8778795719575397,-0.7807180680061433,1.0,0.1704985927982509,8.0,-0.5901178765831214,0.0,0.0,-0.4938866212981522,0.0,2.0,0.5579434420411578,-0.15623023599131242,0.0
1.0,0.6764046709466737,0.04850190276093194,2.0,-1.7313679273300446,1.0,-0.6648766866375322,0.0,1.0,-0.08231443688302531,0.0,2.0,-0.9708199042854144,-0.1952212649974758,0.0
1.0,1.5206655307534167,2.862824227788581,2.0,-1.7313679273300446,1.0,-0.6648766866375322,1.0,1.0,-0.2881005290905887,0.0,2.0,-0.5232351983266843,-0.19541333903198893,0.0
0.0,-1.0467317439188883,-0.839014744738859,1.0,-0.3728918415241194,4.0,-0.48994107111021096,1.0,0.0,-0.4938866212981522,1.0,2.0,-0.13959116464777263,-0.19541333903198893,0.0
0.0,-0.09018418975784892,0.350036437585323,2.0,0.1704985927982509,5.0,0.5312642742330405,1.0,1.0,0.9466160241547918,1.0,2.0,-1.0696373068996796,0.39329357675072457,1.0
1.0,-0.8854779196958007,1.0707039758156178,1.0,0.7138890271206206,8.0,-0.29108263636547826,0.0,0.0,-0.4938866212981522,0.0,2.0,0.4416876742596692,-0.19541333903198893,0.0
0.0,-1.0467317439188883,0.7691694409912266,2.0,1.528974678604176,8.0,-0.44060025647429985,1.0,1.0,0.9466160241547918,0.0,2.0,-0.5116096215485354,-0.19541333903198893,1.0
1.0,0.4374788476213656,-0.9314853354183388,1.0,0.1704985927982509,4.0,-0.21632382631106745,0.0,0.0,-0.4938866212981522,1.0,2.0,0.27892959936558553,-0.17370897313200634,1.0
1.0,-1.1944773943850686,0.350036437585323,2.0,-1.1879774930076745,4.0,-0.6274972816103268,0.0,0.0,-0.4938866212981522,0.0,2.0,-0.7208700035552145,-0.1762059355806769,0.0
1.0,1.3307068372969,0.350036437585323,2.0,0.1704985927982509,4.0,-0.365841446419889,0.0,0.0,-0.4938866212981522,1.0,2.0,-1.0696373068996796,-0.15162045916299752,0.0
0.0,0.00015172224147284654,1.3048957978625613,2.0,-1.7313679273300446,1.0,-0.6648766866375322,0.0,0.0,-0.4938866212981522,0.0,2.0,-8.424330998663261e-05,0.8033716404362363,0.0
0.0,0.5708720634708313,-0.06909656582058049,2.0,0.1704985927982509,4.0,-0.6274972816103268,0.0,0.0,-0.4938866212981522,0.0,2.0,-0.13959116464777263,-0.19541333903198893,0.0
1.0,1.429485357894289,-0.10226536465126351,2.0,-0.10119662436293415,4.0,-0.6274972816103268,1.0,0.0,-0.4938866212981522,1.0,2.0,0.23824008064206456,-0.19541333903198893,1.0
1.0,-0.6600602701274004,-0.8731886586856232,1.0,0.1704985927982509,4.0,-0.6529152770288265,0.0,1.0,-0.08231443688302531,0.0,2.0,-0.32560039309815403,-0.1942608948249102,0.0
1.0,3.8145222868483373,3.524189974170079,2.0,0.7138890271206206,9.0,3.147822626137418,1.0,1.0,-0.2881005290905887,1.0,2.0,-1.0696373068996796,-0.1744772692700588,1.0
1.0,0.16984815506262788,-0.8892705005429241,1.0,1.528974678604176,4.0,-0.6394586912190325,0.0,0.0,-0.4938866212981522,0.0,2.0,-0.023335396866284327,-0.19541333903198893,0.0
0.0,1.2251742298210568,-0.3535441436715894,2.0,0.1704985927982509,4.0,0.04533200887937031,1.0,1.0,1.1524021163623552,1.0,2.0,1.2322268951737902,0.6034225705080781,1.0
1.0,2.055926915870892,1.3551515536666265,2.0,-1.7313679273300446,1.0,0.8302995144506836,1.0,1.0,0.535043839739665,0.0,2.0,-1.0696373068996796,1.5046339404436382,1.0
1.0,-0.24468392710248252,1.9582206233154082,2.0,-1.4596727101688596,4.0,-0.6274972816103268,0.0,0.0,-0.4938866212981522,0.0,2.0,-1.0696373068996796,-0.14048016516123654,0.0
0.0,1.7950503101906083,2.058732134923539,2.0,0.1704985927982509,4.0,0.9798171345595053,1.0,1.0,2.387118669607736,0.0,2.0,-1.0696373068996796,0.2271495368968756,1.0
1.0,1.4151329232775742,1.455663065274757,2.0,-0.10119662436293415,4.0,4.119687156844758,1.0,0.0,-0.4938866212981522,0.0,1.0,-0.43023058410149356,-0.19541333903198893,1.0
0.0,-0.674412704744115,1.3551515536666265,1.0,-0.9162822758464895,8.0,0.2322290340153973,0.0,0.0,-0.4938866212981522,1.0,2.0,-0.9533815391181912,-0.192340154479779,0.0
0.0,1.1339940569619287,-0.034922651873816234,2.0,-0.9162822758464895,8.0,-0.365841446419889,0.0,0.0,-0.4938866212981522,1.0,1.0,0.32543190647818077,-0.19541333903198893,0.0
0.0,-1.1100513084043941,0.90284975143004,2.0,0.9855842442818062,4.0,-0.30304404597418394,1.0,1.0,0.3292577475321016,0.0,2.0,-0.7208700035552145,-0.091693360394904,1.0
1.0,0.48644597749015694,0.350036437585323,2.0,-0.10119662436293415,8.0,0.6060230842874512,1.0,1.0,1.9755464851926088,1.0,2.0,-0.5290479867157587,-0.19541333903198893,1.0
0.0,0.12763511207229103,-0.6299508005939478,2.0,-1.4596727101688596,4.0,-0.5033976569200049,0.0,0.0,-0.4938866212981522,1.0,2.0,-1.0696373068996796,-0.19541333903198893,0.0
1.0,-0.8854779196958007,-0.127393242553296,1.0,-1.1879774930076745,8.0,-0.6529152770288265,0.0,0.0,-0.4938866212981522,0.0,2.0,-0.25584693242926093,-0.1762059355806769,0.0
1.0,-1.1244037430211087,-0.9234444144896884,2.0,-1.4596727101688596,4.0,-0.5901178765831214,0.0,0.0,-0.4938866212981522,1.0,1.0,0.5579434420411578,-0.19541333903198893,0.0
1.0,-0.7512404429865284,-0.6379917215225982,1.0,0.44219380995943575,4.0,0.25764702943389695,1.0,1.0,0.7408299319472283,0.0,2.0,-0.6046142357737261,-0.19541333903198893,1.0
0.0,-1.3287148710943408,0.5761873387036163,2.0,0.9855842442818062,4.0,-0.6274972816103268,0.0,1.0,-0.2881005290905887,1.0,2.0,-1.0696373068996796,-0.16468149350988967,0.0
0.0,0.30408563177190057,-0.2027768762593938,2.0,-1.7313679273300446,1.0,-0.6648766866375322,0.0,1.0,0.7408299319472283,0.0,2.0,-1.0696373068996796,-0.15699853212936488,0.0
1.0,-0.8778795719575397,-0.9063574575163063,1.0,0.1704985927982509,8.0,-0.5901178765831214,0.0,0.0,-0.4938866212981522,0.0,2.0,0.5579434420411578,-0.15623023599131242,0.0
1.0,-0.1045366243745636,-0.8561017017122411,2.0,-1.4596727101688596,8.0,-0.6394586912190325,0.0,0.0,-0.4938866212981522,1.0,1.0,0.39518536714707386,-0.19541333903198893,0.0
0.0,-0.33670836082141775,-0.3535441436715894,2.0,-0.10119662436293415,4.0,0.1694316335696922,0.0,1.0,-0.2881005290905887,1.0,2.0,0.5579434420411578,-0.19349259868685773,0.0
1.0,-0.7022733131177372,-0.7555901901041107,2.0,0.1704985927982509,4.0,-0.41518226105580014,1.0,0.0,-0.4938866212981522,0.0,1.0,0.6741992098226458,-0.19541333903198893,1.0
1.0,-0.12564314586973202,-0.7475492691754603,1.0,-1.1879774930076745,5.0,-0.5153590665287107,1.0,1.0,1.563974300777482,1.0,2.0,-0.30234923954185633,-0.19003526606562154,0.0
1.0,-0.4067820121853775,-0.7304623122020781,2.0,1.8006698957653615,8.0,-0.29108263636547826,1.0,0.0,-0.4938866212981522,0.0,2.0,-1.0696373068996796,0.822194895818522,1.0
0.0,1.7671897018169862,0.4505479491934535,2.0,-0.3728918415241194,8.0,0.2322290340153973,0.0,0.0,-0.4938866212981522,0.0,2.0,-1.0696373068996796,-0.19541333903198893,0.0
1.0,-0.4979621850445054,-0.8983165365876558,1.0,0.1704985927982509,4.0,-0.21632382631106745,0.0,0.0,-0.4938866212981522,1.0,2.0,-0.13959116464777263,-0.19541333903198893,0.0
1.0,0.22641363266968018,-0.3535441436715894,2.0,1.528974678604176,8.0,1.5524696195762921,1.0,0.0,-0.4938866212981522,1.0,2.0,-1.0696373068996796,-0.19541333903198893,1.0
1.0,-0.8145600074720342,-0.8561017017122411,2.0,0.1704985927982509,4.0,-0.6274972816103268,0.0,0.0,-0.4938866212981522,0.0,2.0,1.0229665131671108,-0.19541333903198893,0.0
0.0,-0.7022733131177372,0.22439704807516006,2.0,0.9855842442818062,4.0,0.28306502485239665,1.0,1.0,1.563974300777482,0.0,2.0,-0.3721027002107494,-0.14835520057627447,1.0
1.0,0.21206119805296533,-0.9405313714630705,1.0,-0.10119662436293415,5.0,-0.6529152770288265,1.0,1.0,-0.2881005290905887,1.0,2.0,0.5579434420411578,0.1887347299942515,1.0
1.0,-0.6955192262392836,-0.6550786784959803,2.0,0.1704985927982509,8.0,-0.24174182172956712,1.0,0.0,-0.4938866212981522,0.0,2.0,1.3833593932897248,-0.15699853212936488,1.0
1.0,0.3809133700143139,-0.4460147343510693,2.0,-1.7313679273300446,1.0,-0.6648766866375322,0.0,0.0,-0.4938866212981522,0.0,2.0,-1.0696373068996796,-0.003339304518868682,0.0
0.0,-0.1323972327481859,0.10679857949364761,2.0,0.7138890271206206,2.0,0.007952603852164916,1.0,1.0,0.535043839739665,1.0,2.0,-0.49417125638131215,-0.09937632177542881,1.0
0.0,0.7819372784225167,1.0536170188422354,2.0,0.9855842442818062,8.0,-0.14156501625665666,1.0,0.0,-0.4938866212981522,0.0,2.0,-0.9010664436165214,-0.0346473721445073,1.0
0.0,-0.25228227484074345,-0.2449917111348086,2.0,-1.1879774930076745,5.0,-0.5153590665287107,1.0,0.0,-0.4938866212981522,1.0,2.0,-0.07565049236795397,-0.19541333903198893,0.0
1.0,-1.5043211299341432,-0.15252112045532867,1.0,0.44219380995943575,4.0,-0.14156501625665666,1.0,1.0,-0.08231443688302531,1.0,2.0,-0.3721027002107494,-0.003339304518868682,1.0
1.0,1.4083788363991203,4.086049324059528,2.0,0.44219380995943575,4.0,-0.14156501625665666,1.0,1.0,0.12347165532453809,0.0,2.0,-0.3721027002107494,-0.19272430254880527,1.0
1.0,-1.1100513084043941,1.1370415734769832,1.0,-0.3728918415241194,4.0,-0.6274972816103268,1.0,0.0,-0.4938866212981522,0.0,2.0,-0.3721027002107494,-0.12338557608956885,0.0
1.0,-0.25228227484074345,-0.22790475416142647,2.0,-0.3728918415241194,4.0,-0.5901178765831214,0.0,0.0,-0.4938866212981522,1.0,2.0,-0.4883584679922377,-0.19541333903198893,0.0
0.0,-0.28689697009281967,-0.839014744738859,2.0,-0.3728918415241194,4.0,-0.6529152770288265,0.0,0.0,-0.4938866212981522,0.0,2.0,0.4416876742596692,-0.0025710083808161994,0.0
1.0,-0.7090273999961911,-0.9566132133203714,2.0,1.528974678604176,4.0,-0.6394586912190325,1.0,0.0,-0.4938866212981522,0.0,2.0,-1.0696373068996796,-0.19541333903198893,1.0
1.0,0.16984815506262788,-0.4037998994756545,2.0,-0.10119662436293415,4.0,0.6060230842874512,1.0,1.0,0.7408299319472283,0.0,2.0,0.11617152447150184,-0.19541333903198893,1.0
1.0,0.16309406818417396,-0.6048229226919152,2.0,1.8006698957653615,8.0,0.680781894341862,1.0,1.0,0.3292577475321016,1.0,2.0,0.40099815553614826,-0.030805891454244887,1.0
1.0,0.2475201541648489,-0.1444801995266783,1.0,-1.1879774930076745,5.0,1.8769228552124348,1.0,1.0,0.9466160241547918,1.0,2.0,0.06385642896983203,-0.19541333903198893,1.0
1.0,-0.3924295775686627,-0.5043114110837849,2.0,-1.1879774930076745,5.0,-0.5153590665287107,0.0,0.0,-0.4938866212981522,1.0,2.0,2.650547262107948,0.5728827990204919,0.0
0.0,2.4780573457742636,0.04850190276093194,2.0,-0.3728918415241194,4.0,0.5312642742330405,1.0,1.0,0.3292577475321016,0.0,2.0,-1.0696373068996796,-0.17639800961519003,1.0
1.0,0.7051095401801033,0.04850190276093194,2.0,-1.1879774930076745,5.0,-0.6020792861918272,0.0,0.0,-0.4938866212981522,0.0,2.0,2.1273963070912507,-0.19541333903198893,0.0
1.0,-0.32911001308315685,-0.55456716688785,2.0,1.8006698957653615,8.0,-0.365841446419889,1.0,1.0,0.3292577475321016,0.0,2.0,-0.25584693242926093,1.2535931773349902,1.0
1.0,-0.8145600074720342,-0.8480607807835906,1.0,1.8006698957653615,4.0,-0.6529152770288265,1.0,1.0,-0.2881005290905887,1.0,2.0,3.813104939922831,-0.18408097099571483,1.0
0.0,-0.9133385280694233,1.1209597316196829,2.0,1.528974678604176,8.0,-0.5646998811646218,1.0,1.0,-0.2881005290905887,1.0,2.0,-0.6046142357737261,-0.1858096373063329,1.0
0.0,-0.5756341841467262,-0.3535441436715894,2.0,0.9855842442818062,8.0,-0.11614702083815699,1.0,1.0,3.416049130645553,0.0,2.0,-1.0696373068996796,-0.09937632177542881,1.0
1.0,-0.4979621850445054,1.556174576882887,2.0,1.528974678604176,4.0,-0.30304404597418394,1.0,1.0,13.293781556608597,1.0,2.0,-0.25584693242926093,-0.1458582381276039,1.0
1.0,-0.31560183932624936,-0.15252112045532867,1.0,-1.1879774930076745,8.0,1.054575944613916,1.0,1.0,-0.08231443688302531,1.0,2.0,-0.6336781777190982,-0.19541333903198893,0.0
0.0,-0.9411991364430456,0.5510594608015837,2.0,-0.9162822758464895,4.0,-0.21632382631106745,1.0,1.0,-0.2881005290905887,0.0,2.0,-0.13959116464777263,-0.1504680149559188,1.0
1.0,0.05756146070833157,-0.9234444144896884,1.0,0.1704985927982509,8.0,0.30698784406980806,1.0,1.0,-0.2881005290905887,1.0,2.0,1.4414872771804692,1.3411789370729732,1.0
1.0,-0.0623235813842263,-0.9566132133203714,2.0,0.44219380995943575,4.0,-0.29108263636547826,1.0,1.0,-0.2881005290905887,0.0,2.0,0.10454594769335299,-0.19541333903198893,1.0
0.0,-1.067838265414057,0.8525939956259747,2.0,-0.3728918415241194,4.0,-0.44060025647429985,1.0,1.0,-0.08231443688302531,0.0,2.0,-0.5581119286611308,-0.08189758463473486,1.0
1.0,0.20530711117451145,0.1490134143690624,1.0,0.1704985927982509,4.0,-0.21632382631106745,0.0,0.0,-0.4938866212981522,1.0,2.0,-0.7208700035552145,-0.19541333903198893,0.0
1.0,0.6975111924418423,-0.8561017017122411,2.0,-0.10119662436293415,4.0,-0.5901178765831214,1.0,0.0,-0.4938866212981522,0.0,1.0,0.604445749153753,-0.19541333903198893,0.0
0.0,-1.3354689579727947,-0.8812295796142736,2.0,0.1704985927982509,4.0,-0.365841446419889,0.0,0.0,-0.4938866212981522,0.0,2.0,-0.3721027002107494,-0.19195600641075278,0.0
0.0,-0.772346964481697,1.3048957978625613,1.0,1.8006698957653615,8.0,-0.44060025647429985,1.0,1.0,0.3292577475321016,0.0,2.0,-1.0696373068996796,-0.13375757395327734,1.0
1.0,0.30408563177190057,-0.052009608847198366,2.0,1.8006698957653615,8.0,1.054575944613916,0.0,0.0,-0.4938866212981522,1.0,1.0,3.0632552377322315,-0.19541333903198893,1.0
1.0,-0.7512404429865284,-0.8058459459081759,2.0,-1.1879774930076745,4.0,-0.19090583089256777,0.0,1.0,-0.2881005290905887,1.0,2.0,1.2554780487300878,-0.19368467272137085,0.0
0.0,0.015348417717994108,-0.3535441436715894,1.0,-0.6445870586853044,3.0,-0.6648766866375322,0.0,0.0,-0.4938866212981522,0.0,2.0,-0.13959116464777263,-0.19157185834172652,0.0
0.0,-1.012117048666812,-0.8229329028815581,2.0,0.44219380995943575,4.0,-0.16698301167515633,0.0,0.0,-0.4938866212981522,0.0,2.0,0.20917613869669247,-0.19445296885942334,0.0
1.0,0.21965954579122626,0.09875765856499726,2.0,0.44219380995943575,4.0,-0.6394586912190325,0.0,0.0,-0.4938866212981522,1.0,2.0,0.6160713259319016,-0.1942608948249102,1.0
1.0,0.1774465028008888,-0.521398368057167,2.0,0.1704985927982509,4.0,-0.21632382631106745,0.0,0.0,-0.4938866212981522,0.0,3.0,-0.3721027002107494,-0.19541333903198893,0.0
1.0,0.6764046709466737,1.8406221547338957,2.0,0.44219380995943575,4.0,1.9143022602396402,1.0,1.0,0.7408299319472283,1.0,2.0,-0.6627421196644703,-0.19541333903198893,1.0
0.0,0.8241503214128542,-0.7555901901041107,2.0,-1.1879774930076745,5.0,0.007952603852164916,1.0,0.0,-0.4938866212981522,1.0,2.0,-1.0696373068996796,-0.13779112867805288,1.0
1.0,1.1339940569619287,0.7520824840178444,2.0,1.528974678604176,8.0,3.5216166764094723,1.0,1.0,-0.2881005290905887,1.0,2.0,-0.5581119286611308,0.1887347299942515,1.0
1.0,3.6524242017654425,2.862824227788581,1.0,-1.7313679273300446,1.0,-0.6529152770288265,0.0,1.0,-0.08231443688302531,0.0,2.0,-1.0696373068996796,-0.12799535291788372,0.0
1.0,-0.6110931402586094,0.3751643154873557,1.0,-1.4596727101688596,4.0,0.9798171345595053,1.0,0.0,-0.4938866212981522,1.0,1.0,-0.4883584679922377,-0.19541333903198893,1.0
0.0,1.8372633531809457,-0.9234444144896884,2.0,-1.7313679273300446,1.0,-0.6648766866375322,0.0,0.0,-0.4938866212981522,1.0,1.0,-0.7092444267770657,-0.1902273401001347,0.0
1.0,-0.5756341841467262,-0.8480607807835906,2.0,-0.10119662436293415,4.0,-0.365841446419889,0.0,0.0,-0.4938866212981522,1.0,2.0,-0.3721027002107494,-0.1952212649974758,0.0
1.0,0.627437541077883,0.04850190276093194,2.0,1.528974678604176,4.0,0.3817466541242189,1.0,1.0,1.563974300777482,1.0,2.0,-1.0696373068996796,-0.19541333903198893,1.0
1.0,0.21965954579122626,-0.64703775756733,2.0,1.528974678604176,4.0,-0.20436241670236174,1.0,1.0,-0.2881005290905887,1.0,2.0,1.9530126554190181,9.408288386624024,1.0
1.0,-0.7301339214913599,-0.32037534484090635,1.0,0.1704985927982509,4.0,-0.6155358720016211,0.0,0.0,-0.4938866212981522,0.0,2.0,-0.13959116464777263,0.007800989482892269,0.0
1.0,-0.16785618886006917,-0.052009608847198366,2.0,0.44219380995943575,4.0,1.5778876149947916,1.0,1.0,-0.08231443688302531,1.0,2.0,0.8485828614948786,-0.19541333903198893,1.0
0.0,-0.026864625272342728,-0.2027768762593938,2.0,1.528974678604176,8.0,-0.4779796615015052,1.0,1.0,1.3581882085699188,1.0,2.0,-0.017522608477209902,-0.19541333903198893,1.0
0.0,2.449352476540834,2.36026666974793,2.0,0.9855842442818062,4.0,2.6245109557565427,1.0,0.0,-0.4938866212981522,1.0,2.0,-0.9475687507291168,1.8330805394610739,1.0
1.0,-0.7166257477344521,1.3551515536666265,2.0,-1.1879774930076745,4.0,0.3817466541242189,1.0,1.0,1.3581882085699188,0.0,2.0,-0.7441211571115122,-0.05289440542325371,1.0
0.0,-0.3924295775686627,1.7571976000991476,2.0,0.9855842442818062,8.0,0.8302995144506836,1.0,1.0,-0.08231443688302531,0.0,2.0,-1.0696373068996796,0.7649568335336122,1.0
1.0,-0.4912080981660518,-0.8561017017122411,2.0,0.1704985927982509,4.0,-0.22828523591977318,1.0,1.0,0.535043839739665,1.0,2.0,0.7439526704915389,-0.19541333903198893,1.0
1.0,0.04320902609161673,-0.15252112045532867,2.0,-0.10119662436293415,4.0,0.0827114139065757,1.0,0.0,-0.4938866212981522,1.0,2.0,1.0229665131671108,-0.19541333903198893,1.0
1.0,-1.223182263618498,-0.29524746693887377,2.0,-1.1879774930076745,4.0,-0.5646998811646218,0.0,0.0,-0.4938866212981522,1.0,2.0,-0.25584693242926093,-0.1950291909629627,0.0
1.0,-0.6955192262392836,1.380279431568659,1.0,0.44219380995943575,4.0,-0.41518226105580014,1.0,0.0,-0.4938866212981522,1.0,2.0,-0.13959116464777263,-0.13779112867805288,1.0
0.0,-0.5756341841467262,1.7903663989298306,2.0,0.9855842442818062,8.0,-0.21632382631106745,0.0,0.0,-0.4938866212981522,0.0,2.0,0.5579434420411578,-0.1952212649974758,0.0
0.0,-0.5967407056418945,-0.4711426122531019,1.0,0.1704985927982509,4.0,-0.6648766866375322,0.0,0.0,-0.4938866212981522,0.0,2.0,-0.3721027002107494,-0.19541333903198893,0.0
1.0,-0.4067820121853775,-0.55456716688785,2.0,-1.4596727101688596,4.0,-0.44060025647429985,0.0,0.0,-0.4938866212981522,1.0,2.0,-0.6046142357737261,-0.19541333903198893,0.0
1.0,-0.9411991364430456,0.4505479491934535,2.0,0.1704985927982509,4.0,-0.17894442128386207,1.0,1.0,0.12347165532453809,0.0,2.0,0.09292037091520414,0.07176164297576132,1.0
0.0,-0.723379834612906,1.4054073094706916,2.0,1.8006698957653615,8.0,-0.5153590665287107,1.0,1.0,-0.08231443688302531,1.0,2.0,0.6741992098226458,-0.08958054601525968,1.0
1.0,0.9651418850005801,-0.8983165365876558,1.0,1.528974678604176,8.0,-0.14156501625665666,1.0,1.0,1.1524021163623552,0.0,2.0,-0.4883584679922377,-0.12338557608956885,1.0
1.0,-0.5334211411563887,-0.7555901901041107,2.0,-0.3728918415241194,4.0,-0.5153590665287107,0.0,0.0,-0.4938866212981522,0.0,2.0,0.09292037091520414,-0.19541333903198893,0.0
0.0,0.3251921532670693,1.455663065274757,2.0,0.9855842442818062,8.0,3.5216166764094723,1.0,1.0,1.1524021163623552,0.0,2.0,-1.0696373068996796,1.0703545484094736,1.0
1.0,-0.9623056579382141,0.90284975143004,2.0,0.1704985927982509,4.0,-0.16698301167515633,1.0,1.0,0.12347165532453809,1.0,2.0,-0.8371257713367029,-0.19003526606562154,1.0
0.0,-1.018871135545266,-0.9234444144896884,2.0,0.9855842442818062,4.0,-0.6529152770288265,0.0,0.0,-0.4938866212981522,1.0,2.0,1.1392222809485995,-0.19541333903198893,0.0
1.0,-0.5055605327827664,-0.8892705005429241,2.0,-0.9162822758464895,8.0,0.3817466541242189,0.0,0.0,-0.4938866212981522,1.0,2.0,0.9067107453856228,-0.19541333903198893,0.0
0.0,2.153861175608474,2.9633357393967117,2.0,0.1704985927982509,4.0,0.9798171345595053,1.0,1.0,0.9466160241547918,0.0,2.0,-1.0696373068996796,0.3808087645073717,1.0
1.0,0.135233459810552,-0.32037534484090635,1.0,1.8006698957653615,4.0,0.2815698486513084,1.0,1.0,0.12347165532453809,1.0,2.0,1.1392222809485995,-0.19541333903198893,1.0
0.0,0.7962897130392316,-0.5465262459591996,1.0,0.9855842442818062,8.0,-0.6274972816103268,1.0,1.0,4.239193499475807,1.0,2.0,1.5751814101291808,0.041990167626227676,1.0
0.0,-0.9200926149478769,-0.587735965718533,2.0,0.9855842442818062,4.0,-0.041388210783746195,1.0,1.0,0.535043839739665,0.0,2.0,0.20917613869669247,0.285347969354351,1.0
0.0,-0.6321996617537778,-0.8561017017122411,2.0,0.9855842442818062,8.0,-0.29108263636547826,1.0,1.0,-0.2881005290905887,0.0,2.0,-1.0696373068996796,-0.06518714363209341,1.0
1.0,-0.31560183932624936,-0.6550786784959803,2.0,0.44219380995943575,4.0,0.007952603852164916,0.0,1.0,-0.2881005290905887,1.0,2.0,-0.4883584679922377,-0.19483711692844954,0.0
1.0,-0.6811667916225689,-0.32037534484090635,1.0,-0.9162822758464895,4.0,-0.5407770619472103,0.0,1.0,-0.2881005290905887,1.0,2.0,0.5579434420411578,-0.18004741627093931,0.0
1.0,-1.314362436477626,-0.3284162657695568,2.0,0.44219380995943575,4.0,-0.6394586912190325,0.0,1.0,-0.2881005290905887,0.0,2.0,-1.0696373068996796,-0.1942608948249102,0.0
1.0,0.6341916279563368,0.2495249259771927,2.0,-0.10119662436293415,4.0,-0.27912122675677253,1.0,1.0,0.535043839739665,1.0,2.0,-0.4418561608796424,0.015291876828903952,1.0
1.0,-0.7512404429865284,-0.4460147343510693,1.0,0.1704985927982509,8.0,0.10812940932507539,1.0,0.0,-0.4938866212981522,0.0,2.0,-1.0696373068996796,-0.19541333903198893,1.0
0.0,0.5641179765923774,0.2495249259771927,2.0,-0.9162822758464895,4.0,-0.365841446419889,1.0,0.0,-0.4938866212981522,1.0,2.0,-1.0696373068996796,-0.19541333903198893,1.0
1.0,-0.3502165345783256,1.556174576882887,2.0,-0.3728918415241194,5.0,-0.5901178765831214,0.0,0.0,-0.4938866212981522,1.0,2.0,3.1155703332339018,-0.19541333903198893,0.0
1.0,-0.5899866187634406,1.556174576882887,2.0,0.44219380995943575,4.0,-0.4032208514470944,1.0,0.0,-0.4938866212981522,1.0,2.0,0.4416876742596692,-0.19541333903198893,0.0
0.0,0.1842005896793427,-0.8058459459081759,2.0,-0.9162822758464895,5.0,-0.365841446419889,1.0,1.0,0.12347165532453809,1.0,2.0,0.16267383158409707,-0.19541333903198893,0.0
0.0,-0.2657904485976513,-0.253032632063459,2.0,0.44219380995943575,4.0,-0.41518226105580014,1.0,0.0,-0.4938866212981522,0.0,1.0,0.5579434420411578,-0.19541333903198893,1.0
0.0,-1.2020757421233295,0.953105507234105,2.0,-0.3728918415241194,4.0,-0.14156501625665666,0.0,1.0,1.563974300777482,1.0,2.0,-1.0696373068996796,-0.19349259868685773,0.0
1.0,0.8874698858983597,-0.7475492691754603,2.0,0.44219380995943575,4.0,0.8302995144506836,1.0,1.0,0.7408299319472283,1.0,2.0,1.8367568876375295,1.7253270060992134,1.0
0.0,-0.9133385280694233,1.1038727746463006,2.0,0.9855842442818062,4.0,-0.4525616660830055,1.0,1.0,-0.08231443688302531,1.0,2.0,-0.7848106758350332,-0.19541333903198893,1.0
1.0,-1.0889447869092255,0.04850190276093194,2.0,0.9855842442818062,4.0,-0.552738471555916,1.0,1.0,-0.08231443688302531,0.0,2.0,-1.0696373068996796,-0.18811452572049037,0.0
1.0,0.9440353635054114,-0.3535441436715894,2.0,-1.1879774930076745,5.0,-0.365841446419889,1.0,0.0,-0.4938866212981522,0.0,2.0,-1.0696373068996796,-0.15699853212936488,0.0
1.0,1.119641622345214,0.4505479491934535,1.0,0.1704985927982509,4.0,-0.17894442128386207,0.0,0.0,-0.4938866212981522,0.0,2.0,-0.13959116464777263,-0.1950291909629627,0.0
1.0,-1.0965431346474865,1.111913695574951,2.0,-1.7313679273300446,1.0,-0.5407770619472103,0.0,0.0,-0.4938866212981522,0.0,2.0,-0.6046142357737261,-0.19541333903198893,0.0
1.0,0.9862484064957489,-0.3535441436715894,2.0,0.9855842442818062,8.0,1.129334754668327,1.0,1.0,1.7697603929850454,0.0,2.0,-0.6046142357737261,-0.19541333903198893,1.0
1.0,-0.8010518337151264,1.3471106327379763,2.0,-0.9162822758464895,4.0,-0.19090583089256777,0.0,0.0,-0.4938866212981522,1.0,2.0,-0.4883584679922377,0.03738039079791278,0.0
1.0,-0.13915131962663982,-0.587735965718533,2.0,0.1704985927982509,8.0,0.6314410797059508,1.0,0.0,-0.4938866212981522,0.0,2.0,0.4416876742596692,-0.15699853212936488,1.0
0.0,-0.7866993990984116,-0.7053344343000456,1.0,-1.7313679273300446,1.0,0.30698784406980806,0.0,0.0,-0.4938866212981522,0.0,2.0,0.5579434420411578,-0.19541333903198893,0.0
0.0,-0.09693827663630282,-0.680206556398013,2.0,0.44219380995943575,8.0,-0.6529152770288265,0.0,1.0,0.12347165532453809,0.0,2.0,-1.0696373068996796,-0.18907489589305596,0.0
1.0,0.5573638897139235,1.078744896744268,2.0,1.8006698957653615,4.0,0.0827114139065757,1.0,1.0,0.7408299319472283,0.0,2.0,1.9530126554190181,-0.15776682826741736,1.0
0.0,0.620683454199429,-0.6219098796652973,2.0,-0.3728918415241194,4.0,-0.5901178765831214,0.0,0.0,-0.4938866212981522,0.0,2.0,-1.0696373068996796,-0.12050446557187203,0.0
1.0,-0.7377322692296209,-0.3535441436715894,2.0,-0.10119662436293415,4.0,-0.27912122675677253,1.0,1.0,-0.2881005290905887,0.0,2.0,0.4416876742596692,-0.041754111421492726,1.0
0.0,1.366165793408783,0.6515709724097141,2.0,0.1704985927982509,4.0,1.6900258300764077,1.0,1.0,0.7408299319472283,1.0,2.0,-1.0696373068996796,0.04659994445454257,1.0
1.0,-0.8432648767054636,-0.7978050249795254,1.0,1.528974678604176,4.0,-0.4660182518927995,0.0,0.0,-0.4938866212981522,0.0,2.0,-0.13959116464777263,-0.19541333903198893,0.0
0.0,0.050807373829877676,-0.6631195994246308,2.0,0.44219380995943575,4.0,-0.3404234510013894,1.0,1.0,2.7986908540228623,0.0,2.0,-0.3721027002107494,0.20390857872078805,1.0
0.0,0.00015172224147284654,-0.253032632063459,2.0,-1.4596727101688596,4.0,0.2322290340153973,1.0,0.0,-0.4938866212981522,1.0,2.0,0.6741992098226458,-0.19541333903198893,0.0
1.0,-0.6321996617537778,-0.7807180680061433,2.0,-0.10119662436293415,4.0,-0.6394586912190325,0.0,1.0,0.3292577475321016,0.0,2.0,0.4068109439252227,0.17913102826859553,0.0
1.0,0.2753807625384709,-0.15252112045532867,2.0,-1.4596727101688596,5.0,3.0730638160830073,1.0,0.0,-0.4938866212981522,1.0,2.0,-8.424330998663261e-05,-0.19541333903198893,0.0
1.0,1.4016247495206664,-0.253032632063459,2.0,-0.3728918415241194,4.0,0.3817466541242189,1.0,0.0,-0.4938866212981522,0.0,1.0,0.2673040225874367,-0.19541333903198893,1.0
1.0,0.30408563177190057,-0.45405565527971975,2.0,-0.9162822758464895,4.0,0.680781894341862,1.0,1.0,0.9466160241547918,0.0,2.0,-0.19771904853851688,0.04852068479967376,1.0
1.0,2.21718074009398,0.4585888701221037,2.0,-0.10119662436293415,4.0,3.5216166764094723,1.0,1.0,0.7408299319472283,1.0,2.0,1.0229665131671108,0.06042927493948723,1.0
1.0,3.054687513022269,0.1490134143690624,2.0,0.7138890271206206,9.0,3.2225814361918292,1.0,1.0,-0.2881005290905887,1.0,2.0,-1.0696373068996796,-0.19541333903198893,1.0
1.0,-1.2088298290017832,-0.3535441436715894,2.0,-0.9162822758464895,4.0,-0.6529152770288265,0.0,0.0,-0.4938866212981522,1.0,2.0,-0.13959116464777263,-0.18773037765146414,0.0
0.0,-0.7377322692296209,-0.4962704901551344,2.0,0.9855842442818062,8.0,0.019914013460870635,1.0,1.0,0.9466160241547918,1.0,2.0,-0.25584693242926093,0.2624911592472897,1.0
1.0,-1.223182263618498,-0.9395262563469893,1.0,0.1704985927982509,4.0,-0.6529152770288265,0.0,0.0,-0.4938866212981522,0.0,2.0,-0.25584693242926093,-0.056735886113516126,0.0
1.0,0.5995769327042603,-0.9143983784449566,2.0,-0.9162822758464895,4.0,-0.6394586912190325,1.0,0.0,-0.4938866212981522,1.0,2.0,0.5579434420411578,-0.19541333903198893,1.0
1.0,-0.9133385280694233,0.06558885973431423,1.0,-0.6445870586853044,4.0,-0.5781564669744157,0.0,0.0,-0.4938866212981522,0.0,2.0,-0.25584693242926093,-0.16007171668157483,0.0
0.0,1.218420142942603,-0.15252112045532867,2.0,-0.6445870586853044,3.0,-0.6648766866375322,1.0,0.0,-0.4938866212981522,0.0,2.0,-0.4883584679922377,-0.011022265899393511,1.0
1.0,-0.7022733131177372,1.5813024547849195,2.0,0.1704985927982509,4.0,-0.6274972816103268,0.0,1.0,-0.08231443688302531,0.0,2.0,-1.0696373068996796,0.8709817005848546,0.0
0.0,-0.7655928776032431,0.7440415630891941,1.0,1.8006698957653615,4.0,0.07075000429786998,0.0,0.0,-0.4938866212981522,0.0,2.0,-0.11634001109147495,-0.19541333903198893,1.0
1.0,1.5139114438749628,0.5681464177749658,2.0,-1.1879774930076745,5.0,1.6033056104132912,1.0,1.0,2.592904761815299,1.0,2.0,-1.0696373068996796,0.7649568335336122,1.0
1.0,-0.5477735757731035,-0.6128638436205657,2.0,1.8006698957653615,4.0,-0.16698301167515633,1.0,1.0,-0.2881005290905887,1.0,2.0,1.2264141067847159,-0.19157185834172652,1.0
1.0,0.240766067286395,-0.6882474773266634,2.0,-1.1879774930076745,5.0,-0.6274972816103268,0.0,0.0,-0.4938866212981522,1.0,2.0,1.4879895842930646,0.668919816277052,0.0
1.0,-0.7934534859768655,-0.5043114110837849,2.0,-1.1879774930076745,4.0,-0.6274972816103268,0.0,0.0,-0.4938866212981522,0.0,2.0,-0.13959116464777263,-0.19349259868685773,0.0
0.0,-1.3076083495991724,-0.8892705005429241,2.0,-1.7313679273300446,1.0,-0.6648766866375322,0.0,1.0,-0.2881005290905887,0.0,2.0,-0.13959116464777263,-0.17121201068333577,0.0
1.0,-0.7166257477344521,1.3551515536666265,2.0,0.44219380995943575,8.0,-0.029426801175040478,1.0,1.0,1.7697603929850454,1.0,2.0,0.6160713259319016,-0.14086431323026277,1.0
0.0,-1.082190700030772,0.5510594608015837,2.0,0.9855842442818062,4.0,0.14550881435228077,1.0,1.0,0.535043839739665,0.0,2.0,-8.424330998663261e-05,4.937957307365662,1.0
1.0,0.00015172224147284654,0.04850190276093194,1.0,-0.3728918415241194,4.0,1.8769228552124348,1.0,0.0,-0.4938866212981522,0.0,2.0,-1.0696373068996796,-0.19541333903198893,0.0
1.0,0.48644597749015694,-0.42088685644903673,2.0,1.528974678604176,4.0,-0.6155358720016211,0.0,0.0,-0.4938866212981522,1.0,2.0,-1.0696373068996796,-0.0991842477409157,0.0
1.0,0.00015172224147284654,-0.8561017017122411,2.0,0.1704985927982509,5.0,-0.41518226105580014,1.0,0.0,-0.4938866212981522,1.0,1.0,0.7904549776041343,-0.19541333903198893,0.0
0.0,0.14198754668900587,-0.45405565527971975,1.0,0.1704985927982509,4.0,0.0827114139065757,0.0,0.0,-0.4938866212981522,1.0,2.0,-1.0696373068996796,-0.1950291909629627,0.0
1.0,0.8807157990199058,-0.915403493561038,2.0,-1.1879774930076745,8.0,0.8676789194778891,1.0,0.0,-0.4938866212981522,0.0,2.0,1.2554780487300878,-0.19541333903198893,1.0
0.0,-0.9344450495645917,1.4224942664440738,2.0,0.1704985927982509,8.0,1.129334754668327,1.0,0.0,-0.4938866212981522,0.0,2.0,0.9067107453856228,-0.19541333903198893,1.0
0.0,-0.828912442088749,-0.6048229226919152,1.0,-0.6445870586853044,3.0,-0.6648766866375322,0.0,0.0,-0.4938866212981522,0.0,2.0,-0.13959116464777263,-0.19541333903198893,0.0
0.0,-0.9699040056764751,-0.9314853354183388,2.0,0.9855842442818062,4.0,-0.365841446419889,0.0,1.0,-0.2881005290905887,0.0,2.0,0.32543190647818077,-0.04790048052591259,1.0
0.0,-1.272149393487289,-0.7053344343000456,2.0,0.9855842442818062,4.0,-0.5901178765831214,0.0,1.0,-0.2881005290905887,0.0,2.0,-0.4418561608796424,-0.17659008364970316,0.0
1.0,0.7608307569273479,-0.6550786784959803,2.0,-1.1879774930076745,5.0,-0.6648766866375322,0.0,0.0,-0.4938866212981522,0.0,1.0,0.6741992098226458,-0.19541333903198893,0.0
1.0,-0.9623056579382141,0.6857448863564783,2.0,-0.3728918415241194,4.0,-0.0787676158109516,1.0,1.0,2.387118669607736,0.0,2.0,-0.7208700035552145,-0.16506564157891593,1.0
0.0,2.836868211192129,1.8577091117072781,2.0,-1.7313679273300446,1.0,-0.6648766866375322,1.0,1.0,1.7697603929850454,1.0,2.0,-1.0696373068996796,0.0734903092863794,1.0
1.0,-1.3844360878415858,0.4505479491934535,2.0,0.7138890271206206,4.0,-0.365841446419889,0.0,0.0,-0.4938866212981522,0.0,2.0,2.4180357265449715,-0.19541333903198893,0.0
1.0,-1.061084178535603,-0.6048229226919152,1.0,0.1704985927982509,4.0,0.033370599270664596,0.0,0.0,-0.4938866212981522,1.0,2.0,-0.4186050073233447,-0.1942608948249102,0.0
1.0,0.11412693831538324,-0.45405565527971975,2.0,-0.3728918415241194,4.0,-0.14156501625665666,0.0,1.0,-0.08231443688302531,1.0,2.0,3.1155703332339018,-0.19541333903198893,0.0
1.0,-0.8778795719575397,-0.9566132133203714,2.0,0.1704985927982509,4.0,-0.5153590665287107,0.0,0.0,-0.4938866212981522,1.0,1.0,-1.0696373068996796,-0.19541333903198893,0.0
1.0,1.9427959606567882,0.9360185502607227,2.0,-1.7313679273300446,1.0,3.6457163010997937,1.0,1.0,1.7697603929850454,1.0,2.0,-0.895253655227447,-0.13779112867805288,1.0
1.0,-1.0045187009285512,1.0536170188422354,1.0,-0.9162822758464895,8.0,-0.41518226105580014,1.0,0.0,-0.4938866212981522,1.0,2.0,-0.25584693242926093,-0.19541333903198893,0.0
1.0,-0.33670836082141775,-0.5465262459591996,1.0,-0.3728918415241194,4.0,-0.06680620620224588,1.0,1.0,0.12347165532453809,1.0,2.0,1.0810943970578553,-0.08785187970464159,1.0
0.0,-0.371323056073494,-0.7053344343000456,2.0,-1.7313679273300446,1.0,-0.6648766866375322,0.0,1.0,-0.2881005290905887,0.0,2.0,-0.5348607751048331,-0.13779112867805288,0.0
1.0,0.20530711117451145,-0.052009608847198366,2.0,-0.3728918415241194,4.0,-0.365841446419889,1.0,0.0,-0.4938866212981522,1.0,2.0,0.32543190647818077,-0.19541333903198893,0.0
1.0,-0.3856754906902088,-0.6550786784959803,1.0,0.44219380995943575,4.0,-0.552738471555916,1.0,0.0,-0.4938866212981522,1.0,2.0,0.4416876742596692,0.009145507724484123,1.0
1.0,-0.14674966736490075,-0.5465262459591996,1.0,1.8006698957653615,8.0,-0.6529152770288265,0.0,0.0,-0.4938866212981522,0.0,2.0,-0.32560039309815403,-0.1952212649974758,0.0
0.0,-0.772346964481697,0.18218221319974542,2.0,0.9855842442818062,4.0,0.10812940932507539,1.0,1.0,0.9466160241547918,0.0,2.0,-0.3197876047090796,0.43017179137724365,1.0
1.0,-0.723379834612906,-0.8058459459081759,2.0,-0.10119662436293415,4.0,-0.5153590665287107,1.0,0.0,-0.4938866212981522,1.0,1.0,0.7904549776041343,-0.19541333903198893,0.0
0.0,-0.5967407056418945,-0.8561017017122411,2.0,0.9855842442818062,8.0,-0.21632382631106745,1.0,0.0,-0.4938866212981522,0.0,2.0,0.5579434420411578,-0.03714433459317786,1.0
0.0,1.718222571948195,0.350036437585323,2.0,-1.1879774930076745,5.0,0.25764702943389695,0.0,0.0,-0.4938866212981522,1.0,2.0,-0.6453037544972471,-0.19541333903198893,0.0
0.0,-0.42788853368054597,-0.411840820404305,1.0,0.1704985927982509,4.0,-0.6394586912190325,0.0,0.0,-0.4938866212981522,0.0,1.0,-0.6046142357737261,-0.19541333903198893,0.0
1.0,-0.8221583552102951,1.2546400420584962,2.0,1.8006698957653615,4.0,-0.5781564669744157,1.0,1.0,0.7408299319472283,0.0,2.0,-0.366289911821675,-0.19541333903198893,1.0
0.0,0.3530527616406913,-0.7726771470774929,2.0,-0.3728918415241194,4.0,-0.44060025647429985,1.0,1.0,0.3292577475321016,0.0,2.0,-1.0696373068996796,0.10863985760228037,1.0
1.0,-0.9555515710597602,1.045576097913585,2.0,0.7138890271206206,2.0,-0.6648766866375322,1.0,0.0,-0.4938866212981522,0.0,2.0,-1.0696373068996796,-0.19541333903198893,1.0
1.0,0.5219049336020399,0.4505479491934535,2.0,0.9855842442818062,8.0,2.774028575865364,1.0,1.0,0.9466160241547918,1.0,2.0,0.6741992098226458,-0.19445296885942334,0.0
0.0,-1.0045187009285512,-0.9143983784449566,2.0,0.9855842442818062,8.0,-0.5781564669744157,1.0,1.0,1.7697603929850454,0.0,2.0,-0.6046142357737261,-0.17639800961519003,1.0
1.0,0.6696505840682198,-0.10226536465126351,2.0,0.1704985927982509,5.0,1.2788523747771485,1.0,1.0,2.7986908540228623,0.0,2.0,-0.3895410653779726,0.036996242728886554,1.0
1.0,0.7608307569273479,-0.29524746693887377,2.0,-0.10119662436293415,4.0,0.3817466541242189,0.0,0.0,-0.4938866212981522,1.0,1.0,1.2554780487300878,-0.19541333903198893,0.0
1.0,-1.1387561776378237,0.1490134143690624,2.0,-0.9162822758464895,4.0,-0.5153590665287107,1.0,0.0,-0.4938866212981522,0.0,2.0,-0.6046142357737261,-0.19541333903198893,1.0
0.0,-0.5190687065396742,-0.7304623122020781,2.0,0.9855842442818062,4.0,-0.27912122675677253,1.0,1.0,-0.08231443688302531,0.0,2.0,0.09292037091520414,-0.19541333903198893,0.0
0.0,-0.5756341841467262,1.556174576882887,2.0,-0.3728918415241194,4.0,-0.21632382631106745,1.0,1.0,1.9755464851926088,1.0,2.0,-0.3721027002107494,-0.08650736146304976,1.0
0.0,-0.5334211411563887,1.7571976000991476,1.0,-1.7313679273300446,1.0,-0.06680620620224588,0.0,1.0,-0.2881005290905887,1.0,2.0,0.09292037091520414,-0.1952212649974758,0.0
1.0,-0.9200926149478769,-0.8731886586856232,2.0,0.1704985927982509,4.0,-0.6274972816103268,0.0,0.0,-0.4938866212981522,0.0,2.0,-1.0696373068996796,-0.18696208151341165,0.0
1.0,-1.033223570161981,0.953105507234105,2.0,0.9855842442818062,4.0,-0.365841446419889,1.0,0.0,-0.4938866212981522,1.0,2.0,-0.7208700035552145,-0.11858372522674082,1.0
1.0,-1.2865018281040037,-0.4037998994756545,2.0,-0.3728918415241194,4.0,-0.4660182518927995,0.0,1.0,-0.2881005290905887,0.0,2.0,-0.6046142357737261,-0.1913797843072134,0.0
1.0,-1.1522643513947315,-0.915403493561038,2.0,-0.3728918415241194,4.0,-0.6529152770288265,0.0,0.0,-0.4938866212981522,0.0,2.0,0.5579434420411578,-0.05135781314714876,0.0
1.0,0.06431554758678484,-0.253032632063459,2.0,-0.9162822758464895,4.0,-0.5153590665287107,0.0,0.0,-0.4938866212981522,1.0,2.0,0.27892959936558553,-0.19541333903198893,0.0
1.0,-1.2865018281040037,-0.13543416348194653,2.0,-1.1879774930076745,8.0,-0.5407770619472103,0.0,0.0,-0.4938866212981522,1.0,2.0,-0.3721027002107494,-0.19541333903198893,0.0
1.0,0.3530527616406913,-0.4711426122531019,2.0,0.44219380995943575,4.0,-0.6274972816103268,0.0,1.0,-0.08231443688302531,0.0,2.0,0.20917613869669247,-0.1952212649974758,0.0
1.0,0.135233459810552,-0.7555901901041107,2.0,1.8006698957653615,4.0,-0.44060025647429985,1.0,1.0,0.9466160241547918,1.0,2.0,0.9067107453856228,0.5865200554709235,1.0
1.0,0.5784704112090922,-0.8148919819529077,2.0,0.1704985927982509,4.0,-0.552738471555916,0.0,1.0,-0.08231443688302531,0.0,2.0,0.23824008064206456,-0.09937632177542881,0.0
1.0,-0.5401752280348425,0.2495249259771927,2.0,0.1704985927982509,4.0,-0.365841446419889,1.0,1.0,0.12347165532453809,0.0,2.0,-1.0696373068996796,-0.19541333903198893,1.0
1.0,-1.075436613152318,-0.9566132133203714,2.0,0.9855842442818062,4.0,-0.4660182518927995,0.0,0.0,-0.4938866212981522,0.0,2.0,-0.13959116464777263,-0.1952212649974758,0.0
1.0,-0.8356665289672026,-0.7224213912734276,1.0,-0.9162822758464895,4.0,0.0827114139065757,1.0,1.0,-0.2881005290905887,0.0,2.0,-0.023335396866284327,-0.19157185834172652,0.0
0.0,-0.5055605327827664,-0.9566132133203714,2.0,0.1704985927982509,4.0,-0.6648766866375322,0.0,0.0,-0.4938866212981522,0.0,3.0,-8.424330998663261e-05,-0.19541333903198893,1.0
0.0,-1.1598626991329923,1.2546400420584962,2.0,1.8006698957653615,8.0,-0.365841446419889,1.0,1.0,1.7697603929850454,0.0,2.0,-1.0696373068996796,0.3808087645073717,1.0
0.0,-0.08343010287939502,1.1872973292810487,2.0,0.9855842442818062,8.0,-0.6394586912190325,0.0,1.0,1.9755464851926088,1.0,2.0,-0.3197876047090796,-0.19483711692844954,0.0
0.0,1.3383051850351608,-0.3535441436715894,2.0,1.8006698957653615,4.0,3.4842372713822667,1.0,1.0,-0.08231443688302531,1.0,2.0,1.9471998670299435,0.13188081577836797,1.0
1.0,0.4729378037332492,-0.15252112045532867,2.0,0.1704985927982509,5.0,0.8302995144506836,1.0,0.0,-0.4938866212981522,1.0,1.0,0.5579434420411578,-0.19541333903198893,0.0
1.0,-0.9766580925549289,1.263686078103228,2.0,0.1704985927982509,4.0,-0.06680620620224588,0.0,0.0,-0.4938866212981522,1.0,2.0,-0.27909808598555863,-0.19541333903198893,0.0
0.0,-0.3578148823165865,-0.6219098796652973,2.0,-1.7313679273300446,1.0,-0.6648766866375322,0.0,0.0,-0.4938866212981522,0.0,2.0,0.9067107453856228,-0.1952212649974758,0.0
1.0,0.09302041682021452,0.1490134143690624,2.0,0.9855842442818062,8.0,0.9798171345595053,1.0,1.0,1.9755464851926088,1.0,2.0,1.3019803558426832,-0.003339304518868682,1.0
0.0,0.029700852334708944,-0.3284162657695568,2.0,-1.7313679273300446,1.0,0.244190443624103,0.0,1.0,-0.08231443688302531,1.0,2.0,0.09292037091520414,-0.19464504289393644,0.0
1.0,0.21206119805296533,0.350036437585323,2.0,-0.3728918415241194,4.0,-0.6274972816103268,1.0,0.0,-0.4938866212981522,1.0,2.0,1.5054279494602878,-0.19541333903198893,0.0
1.0,-0.779945312219958,1.2546400420584962,2.0,0.44219380995943575,4.0,-0.06680620620224588,1.0,1.0,-0.2881005290905887,0.0,2.0,-0.6046142357737261,-0.1420167574373415,1.0
1.0,0.971895971879034,-0.8812295796142736,1.0,0.1704985927982509,4.0,-0.552738471555916,1.0,1.0,1.1524021163623552,1.0,2.0,0.6741992098226458,-0.16429734544086347,1.0
0.0,-0.9699040056764751,-0.7053344343000456,2.0,0.1704985927982509,4.0,-0.6648766866375322,0.0,0.0,-0.4938866212981522,0.0,2.0,-1.0696373068996796,-0.19541333903198893,0.0
0.0,-1.1244037430211087,1.0536170188422354,2.0,0.44219380995943575,4.0,-0.365841446419889,0.0,1.0,-0.2881005290905887,0.0,2.0,-0.3721027002107494,-0.1952212649974758,0.0
1.0,0.00015172224147284654,-0.948572292391721,1.0,-1.4596727101688596,4.0,0.6060230842874512,0.0,0.0,-0.4938866212981522,1.0,2.0,1.604245352074553,-0.19541333903198893,0.0
1.0,-1.2932559149824576,-0.7887589889347937,2.0,-0.10119662436293415,4.0,-0.6394586912190325,1.0,0.0,-0.4938866212981522,0.0,1.0,0.09292037091520414,-0.19541333903198893,0.0
1.0,2.407139433550497,1.9582206233154082,2.0,-1.7313679273300446,1.0,4.7177576372800445,1.0,1.0,2.592904761815299,1.0,2.0,-1.0696373068996796,-0.003339304518868682,1.0
1.0,1.7106242242099339,-0.5465262459591996,1.0,-1.7313679273300446,1.0,-0.21632382631106745,0.0,0.0,-0.4938866212981522,0.0,2.0,-0.3721027002107494,-0.1952212649974758,0.0
1.0,0.22641363266968018,-0.6048229226919152,2.0,0.44219380995943575,5.0,-0.5901178765831214,1.0,0.0,-0.4938866212981522,1.0,2.0,-0.12215279948054937,-0.19541333903198893,0.0
1.0,0.38851171775257487,-0.872183543569542,1.0,0.44219380995943575,4.0,-0.5781564669744157,0.0,0.0,-0.4938866212981522,1.0,2.0,0.7265143053243157,-0.1950291909629627,0.0
0.0,1.5417720522485854,1.77428455707253,2.0,-0.9162822758464895,8.0,1.8769228552124348,1.0,0.0,-0.4938866212981522,1.0,2.0,-1.0696373068996796,-0.19541333903198893,1.0
0.0,1.1618546653355513,-0.7555901901041107,2.0,0.9855842442818062,4.0,-0.6274972816103268,0.0,0.0,-0.4938866212981522,1.0,2.0,0.4591260394268925,-0.19541333903198893,0.0
0.0,0.2753807625384709,-0.7053344343000456,1.0,-1.1879774930076745,8.0,-0.5153590665287107,0.0,0.0,-0.4938866212981522,1.0,2.0,-0.13959116464777263,-0.19541333903198893,0.0
0.0,-1.32111652335608,-0.37867202157362195,2.0,0.9855842442818062,4.0,-0.6394586912190325,0.0,0.0,-0.4938866212981522,0.0,2.0,-0.3721027002107494,-0.19541333903198893,0.0
1.0,1.6684111812195972,1.0536170188422354,2.0,-1.1879774930076745,5.0,-0.6648766866375322,1.0,1.0,1.7697603929850454,0.0,2.0,-1.0696373068996796,0.04448713007489823,1.0
1.0,-1.0467317439188883,-0.15252112045532867,1.0,-1.1879774930076745,4.0,-0.365841446419889,0.0,0.0,-0.4938866212981522,1.0,2.0,1.0229665131671108,-0.003339304518868682,0.0
1.0,-0.8010518337151264,1.2546400420584962,2.0,1.528974678604176,4.0,-0.4660182518927995,1.0,0.0,-0.4938866212981522,0.0,2.0,-0.4883584679922377,-0.19541333903198893,1.0
1.0,-0.3856754906902088,-0.8058459459081759,2.0,0.1704985927982509,8.0,0.6060230842874512,1.0,1.0,0.12347165532453809,1.0,2.0,0.7439526704915389,-0.1666022338550209,1.0
1.0,-0.2235774056073141,2.058732134923539,2.0,0.1704985927982509,8.0,0.9304763199235939,1.0,1.0,1.7697603929850454,0.0,2.0,-1.0696373068996796,0.24309168176146456,1.0
1.0,-0.33670836082141775,-0.3032883878675242,1.0,0.9855842442818062,8.0,0.8557175098691832,0.0,1.0,-0.08231443688302531,1.0,2.0,1.0752816086687806,-0.1952212649974758,0.0
0.0,1.3383051850351608,0.6515709724097141,2.0,0.7138890271206206,5.0,1.2788523747771485,1.0,1.0,0.7408299319472283,0.0,2.0,1.1101583390032272,9.619569824588455,1.0
1.0,-1.1387561776378237,0.40029219338938815,1.0,-0.10119662436293415,4.0,-0.6529152770288265,0.0,0.0,-0.4938866212981522,0.0,2.0,-0.25584693242926093,-0.19541333903198893,0.0
0.0,1.2749856205496546,-0.8641426226408915,2.0,1.528974678604176,8.0,-0.5407770619472103,1.0,1.0,1.7697603929850454,1.0,2.0,1.4879895842930646,-0.1942608948249102,1.0
0.0,2.153861175608474,-0.8892705005429241,2.0,-1.1879774930076745,5.0,-0.365841446419889,1.0,0.0,-0.4938866212981522,1.0,2.0,0.39518536714707386,0.22657331479333623,0.0
1.0,1.6895177027147652,2.058732134923539,2.0,0.1704985927982509,4.0,1.8769228552124348,1.0,1.0,1.3581882085699188,0.0,2.0,-1.0696373068996796,-0.19541333903198893,1.0
0.0,-0.9487974841813066,1.0536170188422354,2.0,0.1704985927982509,8.0,-0.365841446419889,1.0,1.0,0.3292577475321016,0.0,2.0,-0.7789978874459588,0.0859751215297322,1.0
1.0,0.268626675660017,2.058732134923539,2.0,1.257279461442991,7.0,0.9424377295322997,1.0,1.0,1.3581882085699188,1.0,2.0,-1.0696373068996796,-0.1696754184072308,1.0
1.0,-1.1809692206281608,1.0536170188422354,2.0,0.44219380995943575,8.0,-0.6155358720016211,0.0,1.0,-0.2881005290905887,0.0,2.0,-0.3721027002107494,-0.1952212649974758,0.0
1.0,1.0495679709812544,-0.55456716688785,2.0,-0.10119662436293415,4.0,-0.14156501625665666,1.0,1.0,-0.08231443688302531,1.0,2.0,-1.0696373068996796,-0.1925322285142921,1.0
0.0,-0.9411991364430456,-0.7887589889347937,2.0,0.9855842442818062,4.0,-0.19090583089256777,1.0,1.0,-0.2881005290905887,0.0,2.0,-1.0696373068996796,-0.19541333903198893,1.0
1.0,1.3171986635399922,0.21635612714650967,2.0,0.44219380995943575,4.0,0.9798171345595053,0.0,0.0,-0.4938866212981522,0.0,2.0,1.633309294019925,-0.1666022338550209,0.0
1.0,-0.18136436261697697,-0.7053344343000456,2.0,0.44219380995943575,4.0,-0.14156501625665666,0.0,0.0,-0.4938866212981522,0.0,2.0,0.09292037091520414,-0.19541333903198893,0.0
1.0,-0.3012494047095345,-0.55456716688785,2.0,-0.9162822758464895,8.0,0.5806050888689517,1.0,1.0,-0.08231443688302531,1.0,2.0,-0.017522608477209902,-0.19541333903198893,1.0
1.0,-0.9766580925549289,-0.7053344343000456,1.0,-0.9162822758464895,4.0,-0.6274972816103268,0.0,0.0,-0.4938866212981522,0.0,2.0,-0.25584693242926093,-0.19464504289393644,0.0
1.0,0.8739617121414519,-0.872183543569542,2.0,0.1704985927982509,8.0,-0.6020792861918272,1.0,1.0,0.7408299319472283,0.0,2.0,0.20917613869669247,-0.013327154313550959,1.0
1.0,0.38851171775257487,0.1490134143690624,2.0,-1.1879774930076745,5.0,0.8302995144506836,0.0,0.0,-0.4938866212981522,0.0,2.0,0.15104825480594822,-0.06345847732147532,0.0
0.0,1.4016247495206664,-0.6882474773266634,2.0,-1.1879774930076745,7.0,-0.5646998811646218,0.0,0.0,-0.4938866212981522,0.0,2.0,-1.0696373068996796,-0.17236445489041452,0.0
1.0,2.062681002749346,1.556174576882887,2.0,-0.9162822758464895,8.0,1.7274052351036133,1.0,0.0,-0.4938866212981522,1.0,2.0,-0.9301303855618935,0.19411280296061892,1.0
1.0,0.7051095401801033,-0.8480607807835906,1.0,-0.3728918415241194,4.0,-0.5153590665287107,1.0,1.0,0.12347165532453809,0.0,2.0,0.09292037091520414,-0.003339304518868682,1.0
1.0,-0.14674966736490075,-0.7053344343000456,1.0,-0.9162822758464895,4.0,-0.5901178765831214,0.0,0.0,-0.4938866212981522,0.0,2.0,0.23242729225299014,-0.19541333903198893,0.0
1.0,0.00015172224147284654,-0.15252112045532867,1.0,-1.1879774930076745,4.0,-0.6394586912190325,0.0,0.0,-0.4938866212981522,1.0,2.0,1.3194187210099064,-0.19541333903198893,0.0
0.0,1.471698400884626,-0.6550786784959803,2.0,-0.6445870586853044,3.0,-0.6648766866375322,1.0,0.0,-0.4938866212981522,1.0,2.0,-0.4883584679922377,-0.1902273401001347,0.0
1.0,-0.041217059889057564,-0.6550786784959803,1.0,0.44219380995943575,4.0,-0.6529152770288265,0.0,0.0,-0.4938866212981522,0.0,1.0,-0.13959116464777263,-0.19541333903198893,0.0
1.0,-0.24468392710248252,0.9199367084034222,2.0,0.9855842442818062,8.0,1.0291579491954164,1.0,1.0,0.7408299319472283,0.0,2.0,1.1450350693376738,-0.16314490123378472,1.0
1.0,0.240766067286395,-0.10226536465126351,2.0,-1.1879774930076745,5.0,0.30698784406980806,1.0,1.0,-0.08231443688302531,0.0,2.0,0.5230667117067112,-0.07824817797898558,1.0
1.0,-0.6034947925203484,-0.55456716688785,2.0,0.7138890271206206,2.0,-0.6155358720016211,0.0,1.0,-0.08231443688302531,0.0,2.0,0.7904549776041343,0.05428290583506736,0.0
0.0,-0.07583175514113409,1.455663065274757,2.0,0.1704985927982509,4.0,-0.06680620620224588,1.0,1.0,-0.2881005290905887,0.0,2.0,0.20917613869669247,-0.19176393237623965,1.0
1.0,-0.6811667916225689,-0.4037998994756545,2.0,-1.7313679273300446,1.0,0.680781894341862,0.0,0.0,-0.4938866212981522,0.0,2.0,-0.13959116464777263,-0.19061148816916093,0.0
1.0,-0.7934534859768655,-0.839014744738859,1.0,-1.7313679273300446,1.0,-0.6648766866375322,0.0,0.0,-0.4938866212981522,0.0,2.0,-0.4883584679922377,-0.19541333903198893,0.0
1.0,1.9639024821519568,2.1592436465316687,2.0,0.7138890271206206,9.0,-0.6648766866375322,1.0,1.0,3.6218352228531163,0.0,2.0,-0.18609347176036803,-0.1704437145452833,0.0
0.0,-0.8145600074720342,1.3883203524973091,2.0,-0.9162822758464895,8.0,-0.6394586912190325,0.0,0.0,-0.4938866212981522,0.0,2.0,0.7904549776041343,-0.19445296885942334,0.0
1.0,0.40201989150948264,-0.5294392889858175,1.0,0.44219380995943575,4.0,-0.6394586912190325,1.0,1.0,-0.2881005290905887,0.0,2.0,-0.7789978874459588,0.0325785399350848,1.0
1.0,-0.16785618886006917,-0.0017538530431332109,2.0,-0.10119662436293415,4.0,-0.06680620620224588,0.0,1.0,-0.2881005290905887,1.0,2.0,1.604245352074553,-0.18235230468509675,0.0
1.0,-0.7022733131177372,-0.15252112045532867,2.0,0.1704985927982509,5.0,-0.5901178765831214,1.0,0.0,-0.4938866212981522,1.0,2.0,-0.13959116464777263,-0.19541333903198893,1.0
1.0,-0.041217059889057564,-0.33645718669820723,2.0,0.1704985927982509,4.0,0.0827114139065757,0.0,1.0,-0.08231443688302531,1.0,2.0,-0.13959116464777263,-0.18753830361695098,0.0
1.0,0.8385027560295684,-0.64703775756733,2.0,-1.1879774930076745,5.0,0.3817466541242189,0.0,0.0,-0.4938866212981522,0.0,2.0,0.18592498514039477,-0.19541333903198893,1.0
0.0,-0.15350375424335463,-0.8229329028815581,2.0,0.44219380995943575,4.0,-0.5901178765831214,0.0,0.0,-0.4938866212981522,1.0,2.0,0.6741992098226458,-0.19541333903198893,0.0
0.0,-0.42113444680209206,-0.4460147343510693,1.0,-1.7313679273300446,1.0,-0.6648766866375322,0.0,0.0,-0.4938866212981522,1.0,2.0,-0.023335396866284327,-0.18388889696120173,0.0
0.0,3.202433163488448,0.2495249259771927,2.0,-1.7313679273300446,1.0,-0.6648766866375322,0.0,0.0,-0.4938866212981522,0.0,1.0,-1.0696373068996796,-0.19541333903198893,0.0
1.0,0.9507894503838653,-0.7053344343000456,2.0,-0.10119662436293415,4.0,3.4842372713822667,0.0,1.0,-0.2881005290905887,1.0,2.0,0.9764642060545156,-0.17390104716651947,0.0
1.0,-1.1176496561426552,-0.713375355228696,1.0,0.7138890271206206,2.0,-0.6648766866375322,0.0,0.0,-0.4938866212981522,0.0,2.0,-0.4883584679922377,-0.19541333903198893,0.0
1.0,-0.5123146196612203,-0.8812295796142736,2.0,-0.10119662436293415,4.0,-0.5901178765831214,1.0,1.0,0.12347165532453809,0.0,2.0,0.4416876742596692,2.706441174392231,1.0
1.0,-0.8078059205935803,-0.7978050249795254,2.0,0.44219380995943575,4.0,-0.5781564669744157,0.0,1.0,-0.2881005290905887,0.0,2.0,1.371733816511576,-0.1410563872647759,0.0
1.0,0.8317486691511151,0.04850190276093194,2.0,0.9855842442818062,8.0,0.8302995144506836,1.0,1.0,0.7408299319472283,1.0,2.0,1.6623732359652972,-0.19541333903198893,1.0
0.0,-0.9411991364430456,1.154128530450366,1.0,1.8006698957653615,8.0,-0.6648766866375322,0.0,0.0,-0.4938866212981522,1.0,2.0,-0.17446789498221918,-0.18926696992756906,0.0
1.0,0.0997745036986684,-0.48722445411040266,2.0,-1.4596727101688596,8.0,1.054575944613916,0.0,0.0,-0.4938866212981522,1.0,2.0,0.6276969027100504,-0.19541333903198893,0.0
1.0,-0.7512404429865284,1.154128530450366,2.0,0.9855842442818062,8.0,-0.26566464094697856,1.0,0.0,-0.4938866212981522,0.0,2.0,-0.4883584679922377,-0.19541333903198893,1.0
1.0,0.28973319715518575,-0.27816050996549163,2.0,0.1704985927982509,8.0,1.8141254547667294,0.0,0.0,-0.4938866212981522,1.0,2.0,-1.0696373068996796,-0.19541333903198893,0.0
1.0,0.135233459810552,-0.7475492691754603,2.0,1.257279461442991,8.0,1.2788523747771485,1.0,0.0,-0.4938866212981522,1.0,2.0,-0.11634001109147495,5.813622830710977,1.0
1.0,0.21965954579122626,-0.4037998994756545,2.0,-1.1879774930076745,5.0,0.0827114139065757,0.0,0.0,-0.4938866212981522,1.0,2.0,0.27892959936558553,-0.15699853212936488,0.0
1.0,-0.4912080981660518,-0.8058459459081759,2.0,0.1704985927982509,5.0,-0.5901178765831214,1.0,0.0,-0.4938866212981522,0.0,2.0,0.9590258408872926,-0.1909956362381872,1.0
0.0,-0.5266670542779351,-0.5374802099144679,2.0,0.1704985927982509,8.0,0.1574702239609865,1.0,0.0,-0.4938866212981522,1.0,2.0,1.0229665131671108,-0.1952212649974758,0.0
0.0,-0.23792984022402894,-0.2027768762593938,2.0,0.1704985927982509,4.0,-0.3404234510013894,1.0,1.0,-0.2881005290905887,1.0,2.0,1.0869071854469297,-0.19541333903198893,1.0
1.0,0.6552981494515056,0.22439704807516006,2.0,1.528974678604176,8.0,2.3254757155388996,1.0,1.0,2.387118669607736,1.0,2.0,1.2496652603410134,-0.19541333903198893,1.0
1.0,-0.20247088411214537,-0.253032632063459,2.0,0.44219380995943575,4.0,0.3817466541242189,1.0,1.0,0.12347165532453809,1.0,2.0,0.8427700731058041,-0.19541333903198893,0.0
0.0,-0.25228227484074345,-0.2027768762593938,2.0,0.1704985927982509,4.0,-0.5901178765831214,0.0,1.0,-0.2881005290905887,1.0,2.0,-0.8371257713367029,-0.16583393771696842,0.0
1.0,0.9862484064957489,4.111177201961561,2.0,0.9855842442818062,8.0,-0.6020792861918272,1.0,1.0,-0.2881005290905887,0.0,2.0,3.3480818687968785,-0.1781266759258081,0.0
1.0,-0.5545276626515574,1.3048957978625613,2.0,0.1704985927982509,4.0,0.0827114139065757,1.0,1.0,3.0044769462304264,0.0,2.0,0.09292037091520414,0.036612094659860324,1.0
1.0,0.620683454199429,-0.6048229226919152,2.0,-0.9162822758464895,4.0,-0.5153590665287107,0.0,0.0,-0.4938866212981522,1.0,2.0,0.6741992098226458,-0.1950291909629627,0.0
0.0,-0.6600602701274004,-0.8138868668368263,2.0,0.44219380995943575,4.0,-0.5901178765831214,0.0,1.0,-0.2881005290905887,1.0,2.0,0.32543190647818077,-0.19464504289393644,0.0
1.0,0.20530711117451145,0.06558885973431423,1.0,-1.1879774930076745,5.0,-0.3404234510013894,0.0,0.0,-0.4938866212981522,1.0,2.0,1.7205011198560412,-0.19541333903198893,0.0
0.0,1.3028462289232774,1.6566860884910175,2.0,-1.1879774930076745,5.0,0.8796403290865948,1.0,1.0,1.3581882085699188,1.0,2.0,-1.0696373068996796,-0.19541333903198893,1.0
0.0,-0.7512404429865284,-0.8892705005429241,2.0,0.9855842442818062,4.0,-0.44060025647429985,0.0,0.0,-0.4938866212981522,0.0,1.0,-0.13959116464777263,-0.19541333903198893,0.0
0.0,-0.24468392710248252,-0.7475492691754603,2.0,0.1704985927982509,4.0,0.0827114139065757,1.0,1.0,0.535043839739665,1.0,2.0,0.6741992098226458,0.07925253032177301,1.0
0.0,-1.067838265414057,0.90284975143004,1.0,0.1704985927982509,4.0,-0.365841446419889,1.0,1.0,0.3292577475321016,1.0,2.0,-0.6046142357737261,-0.09937632177542881,1.0
1.0,-1.3076083495991724,-0.8058459459081759,2.0,0.1704985927982509,4.0,-0.14156501625665666,1.0,1.0,0.535043839739665,1.0,2.0,0.9764642060545156,-0.06288225521793597,1.0
1.0,0.4163723261261975,-0.10226536465126351,2.0,0.9855842442818062,4.0,0.3817466541242189,0.0,0.0,-0.4938866212981522,0.0,2.0,1.5693686217401064,-0.1858096373063329,0.0
1.0,-0.5401752280348425,-0.3535441436715894,2.0,0.1704985927982509,4.0,-0.29108263636547826,0.0,1.0,-0.2881005290905887,0.0,2.0,-1.0696373068996796,-0.1911877102727003,0.0
1.0,0.3952658046310288,0.04850190276093194,2.0,0.1704985927982509,5.0,0.0827114139065757,1.0,1.0,0.7408299319472283,0.0,2.0,-1.0696373068996796,-0.12492216836567382,1.0
1.0,0.09302041682021452,0.8525939956259747,1.0,0.44219380995943575,8.0,0.9050583245050944,1.0,0.0,-0.4938866212981522,1.0,2.0,-0.17446789498221918,-0.19541333903198893,1.0
0.0,0.06431554758678484,-0.8480607807835906,2.0,1.528974678604176,4.0,-0.6529152770288265,1.0,0.0,-0.4938866212981522,0.0,2.0,1.4879895842930646,1.951398144721156,1.0
1.0,-0.8078059205935803,0.618402173579031,1.0,-1.1879774930076745,5.0,-0.6155358720016211,0.0,0.0,-0.4938866212981522,1.0,2.0,-8.424330998663261e-05,-0.19541333903198893,0.0
1.0,0.12088102519383714,-0.45405565527971975,1.0,0.44219380995943575,4.0,1.42836999488597,0.0,0.0,-0.4938866212981522,1.0,2.0,0.5579434420411578,-0.19541333903198893,0.0
0.0,-0.3502165345783256,1.9582206233154082,2.0,1.8006698957653615,8.0,0.25764702943389695,1.0,1.0,-0.2881005290905887,0.0,2.0,-0.3721027002107494,-0.1933005246523446,1.0
0.0,-0.674412704744115,-0.789764104050875,2.0,0.9855842442818062,4.0,-0.5407770619472103,0.0,1.0,-0.2881005290905887,1.0,2.0,0.09292037091520414,-0.1933005246523446,0.0
0.0,-0.6879208785010228,-0.7978050249795254,1.0,0.9855842442818062,4.0,-0.21632382631106745,1.0,1.0,-0.08231443688302531,1.0,2.0,-0.6046142357737261,-0.11858372522674082,1.0
0.0,-0.828912442088749,1.4054073094706916,2.0,0.1704985927982509,4.0,-0.5901178765831214,0.0,0.0,-0.4938866212981522,1.0,2.0,-0.023335396866284327,-0.19541333903198893,0.0
1.0,-0.04797114676751146,-0.5374802099144679,2.0,0.1704985927982509,4.0,-0.6394586912190325,0.0,0.0,-0.4938866212981522,0.0,2.0,0.6741992098226458,-0.19541333903198893,0.0
0.0,2.041574481254177,0.4666297910507542,2.0,-0.9162822758464895,8.0,1.353611184831559,1.0,1.0,0.12347165532453809,1.0,2.0,-0.4883584679922377,-0.1858096373063329,0.0
0.0,-1.314362436477626,-0.9234444144896884,2.0,-0.3728918415241194,4.0,-0.365841446419889,0.0,1.0,-0.08231443688302531,1.0,2.0,0.7904549776041343,-0.1952212649974758,0.0
1.0,0.40201989150948264,-0.19473595533074345,2.0,0.44219380995943575,4.0,-0.3165006317839779,1.0,0.0,-0.4938866212981522,1.0,2.0,0.09292037091520414,-0.19541333903198893,0.0
1.0,0.008594330839540214,-0.789764104050875,2.0,1.8006698957653615,4.0,-0.26566464094697856,1.0,1.0,1.1524021163623552,1.0,2.0,0.6916375749898691,0.43651023451617654,1.0
1.0,-1.0467317439188883,0.953105507234105,2.0,0.44219380995943575,4.0,-0.21632382631106745,1.0,0.0,-0.4938866212981522,0.0,2.0,-0.3721027002107494,0.2283019811039543,1.0
1.0,0.7895356261607777,-0.8561017017122411,1.0,-0.10119662436293415,4.0,-0.5153590665287107,0.0,0.0,-0.4938866212981522,1.0,2.0,-0.3139748163200052,-0.19541333903198893,0.0
0.0,-1.1311578298995626,1.0536170188422354,1.0,0.9855842442818062,8.0,-0.6155358720016211,0.0,0.0,-0.4938866212981522,0.0,2.0,0.9067107453856228,-0.19541333903198893,0.0
1.0,0.008594330839540214,2.2929239569704825,2.0,-1.4596727101688596,4.0,0.2322290340153973,1.0,1.0,1.3581882085699188,0.0,2.0,0.383559790368925,-0.05519929383741116,1.0
1.0,-0.4135360990638311,1.9753075802887907,2.0,-1.1879774930076745,5.0,-0.6648766866375322,0.0,0.0,-0.4938866212981522,1.0,2.0,-0.03496097364443317,-0.19541333903198893,0.0
0.0,-0.7655928776032431,1.2546400420584962,1.0,0.9855842442818062,4.0,0.2322290340153973,1.0,0.0,-0.4938866212981522,1.0,2.0,0.4881899813722646,-0.19541333903198893,0.0
1.0,-0.7655928776032431,1.3551515536666265,1.0,-0.10119662436293415,4.0,-0.21632382631106745,0.0,0.0,-0.4938866212981522,1.0,2.0,-1.0696373068996796,0.5728827990204919,0.0
1.0,0.07191389532504579,-0.3535441436715894,2.0,-1.4596727101688596,4.0,-0.6155358720016211,0.0,0.0,-0.4938866212981522,1.0,2.0,-0.3721027002107494,-0.19541333903198893,0.0
1.0,-0.7022733131177372,-0.6550786784959803,2.0,0.9855842442818062,4.0,0.04533200887937031,1.0,1.0,0.12347165532453809,1.0,2.0,-1.0696373068996796,-0.08362625094535296,1.0
1.0,-0.7588387907247892,-0.6550786784959803,1.0,-0.3728918415241194,4.0,-0.5033976569200049,0.0,0.0,-0.4938866212981522,1.0,2.0,-0.3721027002107494,-0.18254437871960988,0.0
0.0,-1.1522643513947315,1.0958318537176504,2.0,-1.7313679273300446,1.0,-0.6648766866375322,0.0,0.0,-0.4938866212981522,0.0,2.0,-1.0696373068996796,-0.1858096373063329,0.0
1.0,0.1774465028008888,-0.7053344343000456,2.0,0.44219380995943575,4.0,-0.3165006317839779,0.0,0.0,-0.4938866212981522,0.0,2.0,-0.3721027002107494,-0.19541333903198893,0.0
1.0,-1.2366904373754057,-0.8892705005429241,1.0,-0.9162822758464895,4.0,-0.5781564669744157,0.0,0.0,-0.4938866212981522,0.0,1.0,0.09292037091520414,-0.19541333903198893,0.0
1.0,-0.19571679723369148,2.0165173000481236,2.0,-0.3728918415241194,4.0,0.8422609240593893,1.0,1.0,0.535043839739665,1.0,2.0,-0.09308885753517725,-0.19541333903198893,1.0
1.0,1.7528372672002714,-0.680206556398013,1.0,0.1704985927982509,8.0,2.1639966858213726,1.0,0.0,-0.4938866212981522,1.0,2.0,0.09292037091520414,-0.1762059355806769,0.0
1.0,0.7608307569273479,0.04850190276093194,2.0,0.1704985927982509,4.0,0.8302995144506836,1.0,1.0,0.9466160241547918,0.0,2.0,-1.0696373068996796,0.39329357675072457,1.0
1.0,-0.4701015766708831,-0.7555901901041107,2.0,0.9855842442818062,4.0,-0.14156501625665666,1.0,0.0,-0.4938866212981522,1.0,2.0,0.5579434420411578,-0.19541333903198893,1.0
1.0,-0.4979621850445054,-0.5123523320124354,1.0,-0.3728918415241194,4.0,0.5312642742330405,1.0,0.0,-0.4938866212981522,0.0,2.0,0.02316691024631106,-0.19541333903198893,0.0
1.0,-0.40002792530692366,-0.8480607807835906,2.0,-0.9162822758464895,1.0,-0.6648766866375322,0.0,0.0,-0.4938866212981522,0.0,2.0,-0.4883584679922377,-0.19541333903198893,0.0
1.0,0.21965954579122626,0.886767909572739,2.0,0.1704985927982509,4.0,0.680781894341862,1.0,1.0,1.9755464851926088,1.0,2.0,-1.0696373068996796,-0.15296497740458936,1.0
1.0,0.1065285905771223,-0.45405565527971975,2.0,1.528974678604176,8.0,0.1574702239609865,1.0,1.0,0.7408299319472283,0.0,2.0,-0.13959116464777263,0.2025640604791962,1.0
1.0,-0.7934534859768655,1.4807909431767894,2.0,0.1704985927982509,4.0,0.33240583948830776,0.0,1.0,-0.08231443688302531,1.0,2.0,-0.023335396866284327,-0.1621845310612191,0.0
1.0,2.182566044841904,0.7520824840178444,2.0,0.7138890271206206,8.0,1.42836999488597,1.0,1.0,0.12347165532453809,0.0,2.0,-1.0696373068996796,-0.19541333903198893,1.0
1.0,0.135233459810552,-0.34550322274293893,1.0,0.1704985927982509,8.0,-0.054844796593540156,1.0,1.0,-0.2881005290905887,1.0,2.0,-0.023335396866284327,3.2671052811360295,1.0
0.0,0.7397242354321798,0.6766988503117466,1.0,-0.9162822758464895,4.0,-0.6155358720016211,0.0,1.0,-0.08231443688302531,0.0,2.0,-8.424330998663261e-05,-0.19195600641075278,0.0
1.0,1.7671897018169862,0.350036437585323,2.0,-0.9162822758464895,4.0,1.2160549743314435,1.0,1.0,2.592904761815299,0.0,2.0,-1.0696373068996796,1.956199995583984,1.0
0.0,-0.5477735757731035,-0.4460147343510693,1.0,-0.3728918415241194,4.0,-0.5901178765831214,1.0,0.0,-0.4938866212981522,1.0,2.0,1.0810943970578553,-0.19541333903198893,1.0
1.0,0.7962897130392316,-0.948572292391721,2.0,0.7138890271206206,4.0,-0.6529152770288265,0.0,1.0,-0.2881005290905887,0.0,1.0,2.185524190981995,-0.19541333903198893,1.0
0.0,0.14198754668900587,-0.3535441436715894,1.0,-0.3728918415241194,4.0,-0.06680620620224588,0.0,0.0,-0.4938866212981522,0.0,2.0,-0.023335396866284327,-0.19541333903198893,0.0
1.0,-0.08343010287939502,-0.411840820404305,1.0,-0.10119662436293415,4.0,-0.6274972816103268,0.0,0.0,-0.4938866212981522,1.0,1.0,-0.6046142357737261,-0.19541333903198893,0.0
0.0,-1.0467317439188883,0.13192645739568026,2.0,-1.1879774930076745,8.0,-0.5781564669744157,0.0,0.0,-0.4938866212981522,0.0,2.0,-0.6046142357737261,-0.10244950632763873,0.0
1.0,-0.23792984022402894,-0.6550786784959803,1.0,0.1704985927982509,4.0,-0.21632382631106745,1.0,0.0,-0.4938866212981522,1.0,2.0,-1.0696373068996796,-0.15219668126653688,0.0
1.0,-0.17461027573852306,-0.8400198598549402,2.0,0.44219380995943575,4.0,-0.5781564669744157,0.0,1.0,-0.2881005290905887,0.0,2.0,0.9067107453856228,0.3429701797082871,0.0
1.0,0.4940443252284179,-0.5465262459591996,2.0,0.44219380995943575,4.0,-0.6529152770288265,1.0,0.0,-0.4938866212981522,1.0,2.0,1.2554780487300878,0.9186160611441083,1.0
1.0,0.8106421476559463,-0.1444801995266783,2.0,1.528974678604176,8.0,1.42836999488597,1.0,1.0,1.1524021163623552,0.0,2.0,0.7904549776041343,-0.19541333903198893,1.0
1.0,2.681524212987689,-0.8480607807835906,2.0,0.1704985927982509,4.0,-0.48994107111021096,1.0,1.0,0.12347165532453809,1.0,2.0,-0.023335396866284327,-0.19541333903198893,0.0
1.0,0.8950682336366207,0.056542823689582467,2.0,0.9855842442818062,8.0,3.147822626137418,1.0,0.0,-0.4938866212981522,1.0,2.0,-0.5348607751048331,-0.19541333903198893,1.0
0.0,2.266992130822578,3.264870274221103,2.0,-1.1879774930076745,5.0,2.3254757155388996,1.0,1.0,2.181332577400173,0.0,2.0,-1.0696373068996796,1.0914826922059166,1.0
0.0,-0.8500189635839175,0.2495249259771927,2.0,-0.3728918415241194,4.0,0.0827114139065757,1.0,1.0,0.12347165532453809,0.0,2.0,-0.6046142357737261,-0.019089375348944563,1.0
0.0,-1.075436613152318,-0.06909656582058049,1.0,0.1704985927982509,8.0,0.2322290340153973,1.0,0.0,-0.4938866212981522,0.0,2.0,0.32543190647818077,-0.19541333903198893,1.0
0.0,-1.2366904373754057,-0.8561017017122411,2.0,-1.1879774930076745,4.0,-0.6155358720016211,0.0,1.0,0.7408299319472283,1.0,2.0,0.32543190647818077,-0.18869074782402973,0.0
1.0,-0.9766580925549289,-0.9566132133203714,2.0,-1.4596727101688596,4.0,-0.5153590665287107,0.0,0.0,-0.4938866212981522,0.0,2.0,-0.23259577887296326,-0.19541333903198893,0.0
1.0,-1.012117048666812,-0.839014744738859,2.0,-1.7313679273300446,1.0,-0.6648766866375322,0.0,1.0,0.12347165532453809,0.0,2.0,0.964838629276367,-0.04770840649139947,0.0
1.0,0.6696505840682198,-0.6299508005939478,2.0,0.1704985927982509,4.0,-0.21632382631106745,0.0,0.0,-0.4938866212981522,0.0,2.0,-1.0696373068996796,-0.13471794412584295,0.0
0.0,3.378039422328251,-0.9566132133203714,2.0,0.1704985927982509,4.0,-0.6648766866375322,0.0,0.0,-0.4938866212981522,0.0,3.0,-8.424330998663261e-05,-0.19541333903198893,1.0
1.0,-0.9200926149478769,-0.7887589889347937,1.0,0.1704985927982509,4.0,-0.06680620620224588,0.0,0.0,-0.4938866212981522,1.0,1.0,0.32543190647818077,-0.19541333903198893,0.0
1.0,0.8596092775247371,-0.7636311110327612,2.0,1.8006698957653615,4.0,0.0827114139065757,1.0,0.0,-0.4938866212981522,0.0,2.0,1.8948847715282737,-0.08016891832411678,1.0
1.0,-0.11804479813147108,-0.7385032331307285,1.0,0.1704985927982509,4.0,-0.6529152770288265,0.0,0.0,-0.4938866212981522,0.0,2.0,-0.0814632807570284,-0.16103208685414042,0.0
0.0,-1.2865018281040037,-0.9143983784449566,2.0,-0.3728918415241194,4.0,-0.6274972816103268,0.0,0.0,-0.4938866212981522,0.0,2.0,0.09292037091520414,-0.1952212649974758,0.0
1.0,3.1745725551148265,0.8525939956259747,2.0,-1.7313679273300446,1.0,0.5312642742330405,0.0,1.0,-0.2881005290905887,0.0,2.0,-0.6627421196644703,-0.1942608948249102,0.0
1.0,-0.4557491420541683,-0.9063574575163063,2.0,-1.1879774930076745,5.0,-0.6648766866375322,1.0,0.0,-0.4938866212981522,1.0,2.0,-1.0696373068996796,-0.19541333903198893,1.0
1.0,-1.1311578298995626,1.1038727746463006,2.0,0.1704985927982509,8.0,-0.3404234510013894,0.0,0.0,-0.4938866212981522,0.0,2.0,0.7904549776041343,-0.19291637658331837,0.0
0.0,-1.012117048666812,-0.8229329028815581,1.0,0.1704985927982509,4.0,-0.365841446419889,0.0,1.0,-0.2881005290905887,0.0,2.0,10.555939471249157,-0.1950291909629627,0.0
1.0,-1.0045187009285512,-0.8812295796142736,2.0,0.9855842442818062,4.0,-0.06680620620224588,1.0,1.0,-0.08231443688302531,1.0,2.0,-0.6046142357737261,-0.19541333903198893,1.0
0.0,0.37415928313586005,-0.7555901901041107,2.0,0.1704985927982509,4.0,-0.06680620620224588,1.0,1.0,1.7697603929850454,0.0,2.0,-1.0696373068996796,-0.1078275792940061,1.0
1.0,-0.8500189635839175,1.3551515536666265,2.0,-1.1879774930076745,4.0,-0.5153590665287107,1.0,0.0,-0.4938866212981522,1.0,2.0,-0.4883584679922377,-0.18235230468509675,0.0
1.0,-0.5190687065396742,-0.8480607807835906,2.0,0.44219380995943575,4.0,-0.6155358720016211,0.0,1.0,-0.2881005290905887,0.0,2.0,0.5114411349285624,-0.11013246770816355,0.0
1.0,-0.723379834612906,-0.8309738238102085,1.0,-0.3728918415241194,4.0,-0.6274972816103268,1.0,0.0,-0.4938866212981522,0.0,2.0,-0.023335396866284327,-0.1952212649974758,0.0
1.0,-0.8922320065742546,0.0062870678855173135,1.0,0.44219380995943575,4.0,0.007952603852164916,1.0,1.0,-0.2881005290905887,1.0,2.0,-0.6046142357737261,-0.13779112867805288,1.0
0.0,1.0639204055979692,0.383205236416006,2.0,0.9855842442818062,4.0,1.5405082099675862,1.0,1.0,0.12347165532453809,1.0,2.0,-1.0696373068996796,-0.19541333903198893,1.0
1.0,-0.6600602701274004,1.455663065274757,2.0,0.1704985927982509,4.0,-0.041388210783746195,0.0,0.0,-0.4938866212981522,0.0,1.0,-0.6046142357737261,-0.19541333903198893,0.0
1.0,1.7106242242099339,-0.3535441436715894,1.0,-1.7313679273300446,1.0,-0.21632382631106745,0.0,0.0,-0.4938866212981522,0.0,2.0,-0.023335396866284327,-0.19464504289393644,0.0
1.0,-1.1455102645162776,-0.9234444144896884,2.0,0.9855842442818062,7.0,-0.6020792861918272,0.0,0.0,-0.4938866212981522,0.0,2.0,0.09292037091520414,-0.18773037765146414,1.0
0.0,-0.9065844411909695,-0.3535441436715894,2.0,-0.3728918415241194,4.0,-0.6529152770288265,1.0,0.0,-0.4938866212981522,0.0,2.0,-0.4883584679922377,-0.19541333903198893,1.0
0.0,-0.9133385280694233,0.9611464281627555,2.0,-1.1879774930076745,4.0,-0.6529152770288265,0.0,0.0,-0.4938866212981522,0.0,2.0,0.09292037091520414,-0.003339304518868682,0.0
1.0,-0.7655928776032431,-0.9314853354183388,1.0,-0.9162822758464895,4.0,-0.6274972816103268,0.0,0.0,-0.4938866212981522,0.0,2.0,0.09292037091520414,-0.18196815661607052,0.0
1.0,-0.7444863561080748,1.3551515536666265,2.0,-1.1879774930076745,4.0,-0.5407770619472103,0.0,0.0,-0.4938866212981522,0.0,2.0,-1.0696373068996796,-0.19541333903198893,0.0
1.0,-0.7866993990984116,-0.8641426226408915,2.0,-0.9162822758464895,4.0,-0.6274972816103268,0.0,0.0,-0.4938866212981522,1.0,2.0,0.5579434420411578,-0.18484926713376731,0.0
1.0,-1.02562522242372,0.350036437585323,2.0,0.44219380995943575,8.0,-0.22828523591977318,1.0,1.0,0.9466160241547918,0.0,2.0,-0.6046142357737261,0.37197335891976824,1.0
1.0,1.929287786899881,-0.8561017017122411,1.0,-0.9162822758464895,8.0,0.5193028646243347,1.0,0.0,-0.4938866212981522,0.0,2.0,-0.023335396866284327,-0.13510209219486918,1.0
1.0,-1.1311578298995626,-0.4620965762083701,2.0,0.1704985927982509,7.0,-0.37780285602859476,0.0,1.0,-0.08231443688302531,1.0,2.0,-0.13959116464777263,-0.08266588077278735,0.0
1.0,0.00015172224147284654,-0.15252112045532867,2.0,1.8006698957653615,4.0,0.8302995144506836,1.0,1.0,0.12347165532453809,1.0,2.0,0.6160713259319016,0.24232338562341205,1.0
1.0,2.8579747326872984,1.2546400420584962,2.0,0.7138890271206206,9.0,5.315828117715331,1.0,1.0,0.9466160241547918,1.0,2.0,-0.9417559623400424,-0.19541333903198893,1.0
1.0,1.4362394447727422,-0.915403493561038,1.0,-0.9162822758464895,4.0,-0.5901178765831214,1.0,1.0,1.7697603929850454,0.0,2.0,1.1392222809485995,0.32933292325785557,1.0
1.0,-0.674412704744115,-0.5967820017632648,2.0,0.1704985927982509,4.0,-0.5033976569200049,0.0,0.0,-0.4938866212981522,1.0,2.0,-0.27909808598555863,-0.1952212649974758,0.0
0.0,-1.1387561776378237,-0.8812295796142736,3.0,1.528974678604176,1.0,2.3254757155388996,0.0,0.0,-0.4938866212981522,1.0,1.0,0.6741992098226458,-0.19541333903198893,1.0
1.0,0.6417899756945977,-0.6128638436205657,2.0,1.8006698957653615,4.0,-0.6274972816103268,1.0,1.0,0.535043839739665,1.0,2.0,1.7205011198560412,-0.19541333903198893,1.0
1.0,-0.6246013140155169,-0.7807180680061433,2.0,0.9855842442818062,4.0,0.7181612993690676,1.0,1.0,-0.08231443688302531,1.0,2.0,1.9530126554190181,0.1887347299942515,1.0
0.0,-0.16785618886006917,-0.6048229226919152,1.0,-0.9162822758464895,4.0,-0.29108263636547826,0.0,0.0,-0.4938866212981522,1.0,2.0,0.5579434420411578,-0.19541333903198893,0.0
1.0,0.3108397186503545,2.36026666974793,1.0,0.1704985927982509,4.0,0.5312642742330405,1.0,0.0,-0.4938866212981522,0.0,2.0,-0.6046142357737261,-0.19541333903198893,0.0
1.0,0.6417899756945977,-0.6299508005939478,2.0,0.1704985927982509,4.0,-0.21632382631106745,1.0,1.0,1.563974300777482,0.0,2.0,0.011541333468162215,0.7073346231796761,1.0
1.0,-0.9200926149478769,0.10679857949364761,2.0,0.9855842442818062,4.0,-0.552738471555916,1.0,1.0,-0.2881005290905887,0.0,2.0,-0.13959116464777263,-0.19541333903198893,0.0
0.0,1.7393290934433636,-0.9566132133203714,1.0,-1.7313679273300446,1.0,-0.6648766866375322,0.0,0.0,-0.4938866212981522,0.0,2.0,-1.0696373068996796,-0.19541333903198893,0.0
0.0,-0.6110931402586094,-0.45405565527971975,1.0,-1.1879774930076745,5.0,0.680781894341862,0.0,0.0,-0.4938866212981522,0.0,2.0,0.09292037091520414,-0.1078275792940061,0.0
1.0,-1.2932559149824576,-0.9566132133203714,1.0,-0.3728918415241194,4.0,-0.5901178765831214,0.0,0.0,-0.4938866212981522,0.0,2.0,-0.7208700035552145,-0.19541333903198893,0.0
1.0,1.359411706530329,-0.45405565527971975,2.0,-0.10119662436293415,5.0,0.0827114139065757,1.0,1.0,1.9755464851926088,1.0,2.0,1.313605932620832,0.2866924875959428,1.0
1.0,-0.2733887963359122,0.04850190276093194,2.0,0.44219380995943575,4.0,2.6245109557565427,1.0,0.0,-0.4938866212981522,1.0,2.0,-0.6627421196644703,-0.19541333903198893,1.0
1.0,0.5007984121068711,-0.6048229226919152,1.0,0.1704985927982509,5.0,-0.5901178765831214,1.0,0.0,-0.4938866212981522,1.0,2.0,-0.11634001109147495,-0.11858372522674082,0.0
0.0,1.077428579354877,-0.9566132133203714,2.0,0.1704985927982509,4.0,0.0827114139065757,1.0,0.0,-0.4938866212981522,0.0,2.0,-1.0696373068996796,-0.19541333903198893,1.0
0.0,-0.11129071125301718,0.1490134143690624,2.0,-0.9162822758464895,4.0,0.9798171345595053,0.0,0.0,-0.4938866212981522,1.0,1.0,-0.4883584679922377,-0.19541333903198893,0.0
1.0,0.7118636270585572,0.350036437585323,2.0,-0.3728918415241194,5.0,0.3817466541242189,1.0,1.0,-0.2881005290905887,0.0,2.0,-1.0696373068996796,-0.09937632177542881,1.0
1.0,1.3940264017824056,-0.2027768762593938,2.0,-1.1879774930076745,5.0,-0.365841446419889,0.0,0.0,-0.4938866212981522,0.0,2.0,-0.4883584679922377,-0.1950291909629627,0.0
1.0,0.28973319715518575,-0.45405565527971975,2.0,-1.1879774930076745,4.0,-0.365841446419889,0.0,0.0,-0.4938866212981522,1.0,2.0,0.15104825480594822,-0.19541333903198893,0.0
1.0,0.6628964971897665,-0.6128638436205657,1.0,-0.10119662436293415,4.0,-0.6155358720016211,0.0,0.0,-0.4938866212981522,0.0,1.0,1.2554780487300878,-0.19541333903198893,0.0
1.0,-0.4135360990638311,-0.411840820404305,1.0,1.528974678604176,4.0,0.9050583245050944,1.0,1.0,-0.2881005290905887,0.0,2.0,0.15686104319502264,-0.19541333903198893,1.0
1.0,0.33870032702397646,-0.8058459459081759,2.0,-0.9162822758464895,4.0,-0.21632382631106745,0.0,0.0,-0.4938866212981522,1.0,2.0,0.27311681097651114,-0.19541333903198893,0.0
0.0,-0.2944953178310806,2.058732134923539,1.0,0.7138890271206206,9.0,-0.6648766866375322,1.0,0.0,-0.4938866212981522,0.0,2.0,-1.0696373068996796,2.342268804955355,1.0
0.0,-0.7444863561080748,0.28269372480787575,2.0,-0.3728918415241194,4.0,-0.6155358720016211,0.0,0.0,-0.4938866212981522,0.0,2.0,0.20917613869669247,-0.003339304518868682,0.0
1.0,-0.6321996617537778,0.8525939956259747,2.0,-0.3728918415241194,4.0,-0.5901178765831214,0.0,0.0,-0.4938866212981522,1.0,2.0,-1.0696373068996796,-0.19541333903198893,0.0
1.0,-0.674412704744115,-0.7887589889347937,2.0,-1.1879774930076745,8.0,-0.6394586912190325,0.0,0.0,-0.4938866212981522,1.0,2.0,0.20917613869669247,-0.19445296885942334,0.0
0.0,0.7397242354321798,0.5591003817302342,1.0,0.9855842442818062,8.0,1.7274052351036133,1.0,1.0,2.387118669607736,0.0,2.0,-1.0696373068996796,0.24635694034818761,1.0
1.0,-1.02562522242372,0.5008037049975185,2.0,-0.10119662436293415,4.0,-0.6529152770288265,0.0,1.0,-0.2881005290905887,0.0,2.0,-0.4883584679922377,-0.1952212649974758,0.0
0.0,0.12763511207229103,-0.02688173094516571,2.0,0.9855842442818062,8.0,-0.17894442128386207,1.0,1.0,-0.08231443688302531,0.0,2.0,-1.0696373068996796,-0.19541333903198893,1.0
0.0,0.42312641300465076,-0.8983165365876558,2.0,-1.7313679273300446,1.0,-0.6648766866375322,0.0,1.0,1.563974300777482,0.0,2.0,0.09292037091520414,-0.19195600641075278,0.0
0.0,-0.9065844411909695,0.7520824840178444,2.0,0.1704985927982509,4.0,-0.6155358720016211,0.0,0.0,-0.4938866212981522,0.0,2.0,-1.0696373068996796,-0.12799535291788372,0.0
1.0,0.2618725887815631,-0.7395083482468099,2.0,-0.10119662436293415,4.0,-0.3165006317839779,0.0,0.0,-0.4938866212981522,0.0,1.0,-0.906879232005596,-0.19541333903198893,0.0
1.0,-1.061084178535603,-0.9566132133203714,1.0,-1.7313679273300446,1.0,-0.6648766866375322,0.0,1.0,0.3292577475321016,0.0,2.0,-0.8080618293913309,-0.1952212649974758,0.0
1.0,-0.8221583552102951,-0.9063574575163063,2.0,-1.4596727101688596,8.0,-0.4660182518927995,1.0,0.0,-0.4938866212981522,1.0,2.0,-1.0696373068996796,-0.19541333903198893,1.0
1.0,2.3725247382984205,-0.64703775756733,2.0,0.9855842442818062,4.0,-0.6274972816103268,1.0,0.0,-0.4938866212981522,1.0,2.0,0.4416876742596692,-0.19541333903198893,1.0
1.0,0.8807157990199058,1.0114021839668206,2.0,1.8006698957653615,8.0,1.7154438254949074,1.0,1.0,1.1524021163623552,0.0,2.0,-1.0696373068996796,-0.19541333903198893,1.0
1.0,1.3729198802872369,-0.11935232162464564,2.0,1.8006698957653615,5.0,-0.6394586912190325,0.0,0.0,-0.4938866212981522,1.0,2.0,1.9530126554190181,-0.19541333903198893,0.0
0.0,-0.17461027573852306,-0.8641426226408915,2.0,-0.9162822758464895,4.0,-0.5033976569200049,1.0,1.0,0.3292577475321016,0.0,2.0,1.1392222809485995,-0.09937632177542881,1.0
0.0,-0.28689697009281967,-0.8812295796142736,2.0,0.9855842442818062,4.0,-0.48994107111021096,1.0,1.0,0.3292577475321016,0.0,2.0,-0.6046142357737261,-0.19541333903198893,1.0
1.0,0.8241503214128542,-0.9566132133203714,2.0,0.1704985927982509,5.0,3.8206519166271153,1.0,0.0,-0.4938866212981522,0.0,2.0,-1.0696373068996796,-0.19541333903198893,1.0
1.0,0.5007984121068711,-0.7304623122020781,1.0,-1.4596727101688596,4.0,-0.21632382631106745,0.0,0.0,-0.4938866212981522,1.0,2.0,1.4356744887913946,-0.19541333903198893,1.0
1.0,-0.31560183932624936,-0.6550786784959803,2.0,0.44219380995943575,4.0,-0.06680620620224588,1.0,1.0,1.7697603929850454,1.0,2.0,1.453112853958618,-0.18869074782402973,1.0
1.0,0.022102504596448,-0.45405565527971975,2.0,-0.3728918415241194,4.0,1.5778876149947916,1.0,0.0,-0.4938866212981522,1.0,2.0,1.9704510205862413,-0.19541333903198893,0.0
1.0,-1.1733708728898997,-0.06005052977584873,2.0,0.1704985927982509,4.0,-0.5901178765831214,0.0,0.0,-0.4938866212981522,0.0,1.0,-0.6046142357737261,-0.19541333903198893,0.0
1.0,-0.9699040056764751,-0.9063574575163063,2.0,0.9855842442818062,4.0,-0.6274972816103268,0.0,0.0,-0.4938866212981522,0.0,2.0,0.09292037091520414,-0.19541333903198893,0.0
1.0,1.4860508355013407,-0.4962704901551344,2.0,-1.7313679273300446,1.0,-0.5781564669744157,0.0,0.0,-0.4938866212981522,0.0,2.0,0.09292037091520414,-0.19483711692844954,0.0
1.0,-0.5967407056418945,1.7240288012684652,1.0,-0.3728918415241194,4.0,-0.6529152770288265,0.0,0.0,-0.4938866212981522,1.0,2.0,-0.3721027002107494,-0.10417817263825681,0.0
1.0,-0.6879208785010228,-0.7555901901041107,2.0,0.1704985927982509,4.0,-0.5153590665287107,0.0,0.0,-0.4938866212981522,1.0,1.0,0.5579434420411578,-0.19541333903198893,0.0
0.0,0.6341916279563368,-0.15252112045532867,2.0,0.1704985927982509,4.0,0.2322290340153973,0.0,0.0,-0.4938866212981522,0.0,2.0,1.7205011198560412,-0.19541333903198893,0.0
1.0,-0.9411991364430456,-0.7385032331307285,2.0,0.9855842442818062,4.0,-0.21632382631106745,0.0,0.0,-0.4938866212981522,0.0,2.0,-0.4418561608796424,-0.19406882079039708,0.0
1.0,0.5919785849659993,-0.286201430894142,2.0,0.44219380995943575,4.0,0.5312642742330405,1.0,1.0,2.387118669607736,0.0,2.0,1.1566606461158226,0.06273416335364468,1.0
1.0,-1.3000100018609113,-0.948572292391721,2.0,0.1704985927982509,4.0,-0.6529152770288265,0.0,0.0,-0.4938866212981522,0.0,2.0,-1.0696373068996796,-0.19541333903198893,1.0
1.0,-1.272149393487289,-0.9314853354183388,2.0,0.1704985927982509,4.0,-0.6155358720016211,0.0,0.0,-0.4938866212981522,0.0,2.0,-0.30234923954185633,-0.19541333903198893,0.0
1.0,-0.723379834612906,-0.8058459459081759,2.0,-0.10119662436293415,4.0,-0.5153590665287107,0.0,0.0,-0.4938866212981522,1.0,1.0,0.7904549776041343,-0.19541333903198893,0.0
1.0,-0.476855663549337,-0.7807180680061433,2.0,-0.9162822758464895,4.0,-0.552738471555916,0.0,1.0,-0.08231443688302531,1.0,2.0,-0.058212127200730705,-0.19483711692844954,0.0
0.0,-0.7512404429865284,-0.7978050249795254,2.0,-1.1879774930076745,4.0,-0.6394586912190325,0.0,0.0,-0.4938866212981522,0.0,2.0,-0.23259577887296326,-0.19541333903198893,0.0
1.0,-0.19571679723369148,1.6566860884910175,2.0,-1.4596727101688596,8.0,-0.5153590665287107,0.0,0.0,-0.4938866212981522,0.0,2.0,0.25567844580928784,-0.19541333903198893,0.0
1.0,-0.7588387907247892,1.0616579397708859,2.0,1.8006698957653615,4.0,-0.6529152770288265,1.0,1.0,1.3581882085699188,0.0,2.0,-0.7208700035552145,-0.11935202136479331,1.0
1.0,-0.8010518337151264,-0.48722445411040266,2.0,-0.9162822758464895,4.0,-0.44060025647429985,0.0,0.0,-0.4938866212981522,0.0,2.0,-0.023335396866284327,-0.19541333903198893,0.0
1.0,-0.026864625272342728,-0.3867129425022724,2.0,-1.7313679273300446,1.0,-0.6648766866375322,0.0,1.0,0.535043839739665,0.0,2.0,-0.04658655042258202,-0.1673705299930734,0.0
1.0,0.6417899756945977,-0.45405565527971975,1.0,-1.1879774930076745,8.0,2.3254757155388996,0.0,0.0,-0.4938866212981522,1.0,1.0,0.09292037091520414,-0.19541333903198893,0.0
1.0,-0.48445401128759796,1.6235172896603345,2.0,1.528974678604176,4.0,-0.5153590665287107,0.0,0.0,-0.4938866212981522,0.0,2.0,-1.0696373068996796,-0.1950291909629627,0.0
1.0,-0.026864625272342728,-0.7304623122020781,2.0,-1.7313679273300446,1.0,-0.6648766866375322,0.0,1.0,-0.2881005290905887,0.0,2.0,-0.5116096215485354,-0.19176393237623965,0.0
1.0,1.7604356149385323,-0.6550786784959803,2.0,-1.4596727101688596,4.0,0.45650546417862964,0.0,0.0,-0.4938866212981522,1.0,2.0,-1.0696373068996796,-0.12818742695239685,0.0
1.0,1.359411706530329,-0.8983165365876558,2.0,0.1704985927982509,5.0,3.8206519166271153,1.0,1.0,3.6218352228531163,0.0,2.0,-1.0696373068996796,2.6856971786648143,1.0
